-- phpMyAdmin SQL Dump
-- version 5.2.1
-- https://www.phpmyadmin.net/
--
-- Host: 127.0.0.1
-- Generation Time: Aug 04, 2023 at 02:24 AM
-- Server version: 10.4.28-MariaDB
-- PHP Version: 8.1.17

SET SQL_MODE = "NO_AUTO_VALUE_ON_ZERO";
START TRANSACTION;
SET time_zone = "+00:00";


/*!40101 SET @OLD_CHARACTER_SET_CLIENT=@@CHARACTER_SET_CLIENT */;
/*!40101 SET @OLD_CHARACTER_SET_RESULTS=@@CHARACTER_SET_RESULTS */;
/*!40101 SET @OLD_COLLATION_CONNECTION=@@COLLATION_CONNECTION */;
/*!40101 SET NAMES utf8mb4 */;

--
-- Database: `jfm_lending2`
--

-- --------------------------------------------------------

--
-- Table structure for table `clients`
--

CREATE TABLE `clients` (
  `id` bigint(20) UNSIGNED NOT NULL,
  `account_no` int(11) DEFAULT NULL,
  `account_name` varchar(255) NOT NULL,
  `balance` double(10,2) NOT NULL,
  `status` varchar(255) NOT NULL,
  `created_at` timestamp NULL DEFAULT NULL,
  `updated_at` timestamp NULL DEFAULT NULL,
  `collector_id` int(11) DEFAULT NULL
) ENGINE=InnoDB DEFAULT CHARSET=utf8mb4 COLLATE=utf8mb4_unicode_ci;

--
-- Dumping data for table `clients`
--

INSERT INTO `clients` (`id`, `account_no`, `account_name`, `balance`, `status`, `created_at`, `updated_at`, `collector_id`) VALUES
(1, 2, 'ROSEL, LIZA', 0.00, 'GOOD', '2023-07-14 12:37:36', '2023-07-14 12:37:36', 1),
(2, 3, 'CORNELIA, ROWIN', 0.00, 'GOOD', '2023-07-14 12:37:36', '2023-07-14 12:37:36', 1),
(3, 7, 'CATADMAN, LEAH', 0.00, 'GOOD', '2023-07-14 12:37:36', '2023-07-14 12:37:36', 1),
(4, 9, 'CASTILLON, AMELIA', 0.00, 'GOOD', '2023-07-14 12:37:36', '2023-07-14 12:37:36', 1),
(5, 10, 'OCULAM, ROCHSAN', 0.00, 'GOOD', '2023-07-14 12:37:36', '2023-07-14 12:37:36', 1),
(6, 16, 'FONTEJON, ELIZABETH', 0.00, 'GOOD', '2023-07-14 12:37:36', '2023-07-14 12:37:36', 1),
(7, 17, 'GRINGIO, MEDILLEN', 0.00, 'GOOD', '2023-07-14 12:37:36', '2023-07-14 12:37:36', 1),
(8, 19, 'TORILLAS, FLORA', 0.00, 'GOOD', '2023-07-14 12:37:36', '2023-07-14 12:37:36', 1),
(9, 37, 'JAENO, HELEN', 0.00, 'GOOD', '2023-07-14 12:37:36', '2023-07-14 12:37:36', 1),
(10, 38, 'MEDINA, BERNILO', 0.00, 'GOOD', '2023-07-14 12:37:36', '2023-07-14 12:37:36', 1),
(11, 39, 'ZAMORA, ROSARIO', 0.00, 'GOOD', '2023-07-14 12:37:36', '2023-07-14 12:37:36', 1),
(12, 40, 'DELIGERO, VIRGINIA', 0.00, 'GOOD', '2023-07-14 12:37:36', '2023-07-14 12:37:36', 1),
(13, 48, 'DINGAL, MA. CRISTITA', 0.00, 'GOOD', '2023-07-14 12:37:36', '2023-07-14 12:37:36', 1),
(14, 49, 'CURAY, JEFFREY', 0.00, 'GOOD', '2023-07-14 12:37:36', '2023-07-14 12:37:36', 1),
(15, 51, 'SARASAP, ANTONIA', 0.00, 'GOOD', '2023-07-14 12:37:36', '2023-07-14 12:37:36', 1),
(16, 53, 'BAYONADO, MELCHORA', 0.00, 'GOOD', '2023-07-14 12:37:36', '2023-07-14 12:37:36', 1),
(17, 55, 'ER-ER, MARGARITA', 0.00, 'GOOD', '2023-07-14 12:37:36', '2023-07-14 12:37:36', 1),
(18, 58, 'JUGUILON, JOCELYN', 0.00, 'GOOD', '2023-07-14 12:37:36', '2023-07-14 12:37:36', 1),
(19, 59, 'NODADO, VEVENCIA', 0.00, 'GOOD', '2023-07-14 12:37:36', '2023-07-14 12:37:36', 1),
(20, 80, 'LIBONFASIL, ROGELYN', 0.00, 'GOOD', '2023-07-14 12:37:36', '2023-07-14 12:37:36', 1),
(21, 82, 'FERNANDEZ, NEDY', 0.00, 'GOOD', '2023-07-14 12:37:36', '2023-07-14 12:37:36', 1),
(22, 90, 'MANGADA, NELIDA', 0.00, 'GOOD', '2023-07-14 12:37:36', '2023-07-14 12:37:36', 1),
(23, 91, 'TAJADA, CHERYL', 0.00, 'GOOD', '2023-07-14 12:37:36', '2023-07-14 12:37:36', 1),
(24, 92, 'YBAÑEZ, ANNABEL', 0.00, 'GOOD', '2023-07-14 12:37:36', '2023-07-14 12:37:36', 1),
(25, 104, 'DURAN, TIRSO', 0.00, 'GOOD', '2023-07-14 12:37:36', '2023-07-14 12:37:36', 1),
(26, 105, 'FORMENTERA, GABRIEL', 0.00, 'GOOD', '2023-07-14 12:37:36', '2023-07-14 12:37:36', 1),
(27, 108, 'ABLAY, ANNIE ROSE', 0.00, 'GOOD', '2023-07-14 12:37:36', '2023-07-14 12:37:36', 1),
(28, 115, 'QUILARIO, ASTERIA', 0.00, 'GOOD', '2023-07-14 12:37:36', '2023-07-14 12:37:36', 1),
(29, 117, 'ZOSA, CYNTHIA', 0.00, 'GOOD', '2023-07-14 12:37:36', '2023-07-14 12:37:36', 1),
(30, 118, 'BAJAMONDE, KATHLEEN', 0.00, 'GOOD', '2023-07-14 12:37:36', '2023-07-14 12:37:36', 1),
(31, 128, 'SELENCIO, JACQUELINE', 0.00, 'GOOD', '2023-07-14 12:37:36', '2023-07-14 12:37:36', 1),
(32, 129, 'VILLAGRACIA, NELLY', 0.00, 'GOOD', '2023-07-14 12:37:36', '2023-07-14 12:37:36', 1),
(33, 130, 'LING, JESSY CIMEDAR', 0.00, 'GOOD', '2023-07-14 12:37:36', '2023-07-14 12:37:36', 1),
(34, 132, 'BEOLANGIS, GRACIANA', 0.00, 'GOOD', '2023-07-14 12:37:36', '2023-07-14 12:37:36', 1),
(35, 133, 'AMPARO, VICTORIA', 0.00, 'GOOD', '2023-07-14 12:37:36', '2023-07-14 12:37:36', 1),
(36, 138, 'CAMARGO, LUZVIMINDA', 0.00, 'GOOD', '2023-07-14 12:37:36', '2023-07-14 12:37:36', 1),
(37, 146, 'ROMANO, ELVIN', 0.00, 'GOOD', '2023-07-14 12:37:36', '2023-07-14 12:37:36', 1),
(38, 150, 'CANDIDO, ERNESTO JR', 0.00, 'GOOD', '2023-07-14 12:37:36', '2023-07-14 12:37:36', 1),
(39, 155, 'ALCAYDE, BERNABE', 1000.00, 'GOOD', '2023-07-14 12:37:36', '2023-07-14 12:37:36', 1),
(40, 156, 'VILANDO, LOUIE', 0.00, 'GOOD', '2023-07-14 12:37:36', '2023-07-14 12:37:36', 1),
(41, 157, 'BALANGITAO, SIMON JR', 0.00, 'GOOD', '2023-07-14 12:37:36', '2023-07-14 12:37:36', 1),
(42, 162, 'ENLAGADA, BEBETT', 0.00, 'GOOD', '2023-07-14 12:37:36', '2023-07-14 12:37:36', 1),
(43, 168, 'MONGCOPA, RAYMUND', 0.00, 'GOOD', '2023-07-14 12:37:36', '2023-07-14 12:37:36', 1),
(44, 173, 'ZERNA, RODRIGO', 0.00, 'GOOD', '2023-07-14 12:37:36', '2023-07-14 12:37:36', 1),
(45, 174, 'CARO, MANUELITA', 0.00, 'GOOD', '2023-07-14 12:37:36', '2023-07-14 12:37:36', 1),
(46, 175, 'TUGDANG, MARLINDA', 0.00, 'GOOD', '2023-07-14 12:37:36', '2023-07-14 12:37:36', 1),
(47, 176, 'DIONGCO, ISABEL JULIET', 0.00, 'GOOD', '2023-07-14 12:37:36', '2023-07-14 12:37:36', 1),
(48, 215, 'GENEROSO, MYRIZH', 0.00, 'GOOD', '2023-07-14 12:37:36', '2023-07-14 12:37:36', 1),
(49, 226, 'VELARA, ARCHIE', 0.00, 'GOOD', '2023-07-14 12:37:36', '2023-07-14 12:37:36', 1),
(50, 251, 'SAPUAN, CRISTINA', 0.00, 'GOOD', '2023-07-14 12:37:36', '2023-07-14 12:37:36', 1),
(51, 262, 'DURAN, JOSEPH', 0.00, 'GOOD', '2023-07-14 12:37:36', '2023-07-14 12:37:36', 1),
(52, 267, 'MASCARDO, JESSIE', 0.00, 'GOOD', '2023-07-14 12:37:36', '2023-07-14 12:37:36', 1),
(53, 268, 'MASCARDO, AGNES', 0.00, 'GOOD', '2023-07-14 12:37:36', '2023-07-14 12:37:36', 1),
(54, 298, 'LLESOL, LISA', 0.00, 'GOOD', '2023-07-14 12:37:36', '2023-07-14 12:37:36', 1),
(55, 301, 'DAGO-OC, JIGI', 0.00, 'GOOD', '2023-07-14 12:37:36', '2023-07-14 12:37:36', 1),
(56, 303, 'MONGCOPA, JEANY', 0.00, 'GOOD', '2023-07-14 12:37:36', '2023-07-14 12:37:36', 1),
(57, 305, 'MORATO, ERNIELYN', 0.00, 'GOOD', '2023-07-14 12:37:36', '2023-07-14 12:37:36', 1),
(58, 306, 'CURAY, ARCILITA', 0.00, 'GOOD', '2023-07-14 12:37:36', '2023-07-14 12:37:36', 1),
(59, 529, 'VILLANUEVA, AGOSTO', 0.00, 'GOOD', '2023-07-14 12:37:36', '2023-07-14 12:37:36', 1),
(60, 531, 'CARO, DENICE', 0.00, 'GOOD', '2023-07-14 12:37:36', '2023-07-14 12:37:36', 1),
(61, 588, 'TANO, ZITA', 0.00, 'GOOD', '2023-07-14 12:37:36', '2023-07-14 12:37:36', 1),
(62, 589, 'DEJOS, EVA', 0.00, 'GOOD', '2023-07-14 12:37:36', '2023-07-14 12:37:36', 1),
(63, 590, 'ZERNA, MA. CRISTINA', 0.00, 'GOOD', '2023-07-14 12:37:36', '2023-07-14 12:37:36', 1),
(64, 632, 'SANICO, AMER', 0.00, 'GOOD', '2023-07-14 12:37:36', '2023-07-14 12:37:36', 1),
(65, 726, 'NOCETE, VERNA', 0.00, 'GOOD', '2023-07-14 12:37:36', '2023-07-14 12:37:36', 1),
(66, 727, 'ELLEMA, JULIETA', 0.00, 'GOOD', '2023-07-14 12:37:36', '2023-07-14 12:37:36', 1),
(67, 728, 'ABLAY, JARILYN', 0.00, 'GOOD', '2023-07-14 12:37:36', '2023-07-14 12:37:36', 1),
(68, 872, 'DUNGCOY, RENE', 0.00, 'GOOD', '2023-07-14 12:37:36', '2023-07-14 12:37:36', 1),
(69, 965, 'ESPERAGO, LUZVIMINDA', 0.00, 'GOOD', '2023-07-14 12:37:36', '2023-07-14 12:37:36', 1),
(70, 1003, 'VIDAL, MA. MARGARITA', 0.00, 'GOOD', '2023-07-14 12:37:36', '2023-07-14 12:37:36', 1),
(71, 1004, 'CURAY, ROSALITA', 0.00, 'GOOD', '2023-07-14 12:37:36', '2023-07-14 12:37:36', 1),
(72, 1123, 'KIM, MARISA', 0.00, 'GOOD', '2023-07-14 12:37:36', '2023-07-14 12:37:36', 1),
(73, 1124, 'DEJOS, EMMANUEL', 0.00, 'GOOD', '2023-07-14 12:37:36', '2023-07-14 12:37:36', 1),
(74, 1, 'CABANAG, MARISA', 0.00, 'INACTIVE', '2023-07-14 12:37:36', '2023-07-14 12:37:36', 1),
(75, 5, 'LAURIANO, MERCY', 0.00, 'INACTIVE', '2023-07-14 12:37:36', '2023-07-14 12:37:36', 1),
(76, 8, 'BALOBAR, MARIEL', 0.00, 'INACTIVE', '2023-07-14 12:37:36', '2023-07-14 12:37:36', 1),
(77, 14, 'LARENA, MARIO', 0.00, 'INACTIVE', '2023-07-14 12:37:36', '2023-07-14 12:37:36', 1),
(78, 15, 'CANAVERAL, EDNA', 0.00, 'INACTIVE', '2023-07-14 12:37:36', '2023-07-14 12:37:36', 1),
(79, 20, 'DICEN, VIRGINIA', 0.00, 'INACTIVE', '2023-07-14 12:37:36', '2023-07-14 12:37:36', 1),
(80, 21, 'DELIGERO, JESSA', 0.00, 'INACTIVE', '2023-07-14 12:37:36', '2023-07-14 12:37:36', 1),
(81, 22, 'DECIPOLO, ROSALIE', 0.00, 'INACTIVE', '2023-07-14 12:37:36', '2023-07-14 12:37:36', 1),
(82, 35, 'AGUILAR, ARLYN', 0.00, 'INACTIVE', '2023-07-14 12:37:36', '2023-07-14 12:37:36', 1),
(83, 36, 'SALCEDO, MAULINE', 0.00, 'INACTIVE', '2023-07-14 12:37:36', '2023-07-14 12:37:36', 1),
(84, 56, 'TUGDANG, JESA', 0.00, 'INACTIVE', '2023-07-14 12:37:36', '2023-07-14 12:37:36', 1),
(85, 57, 'DE GUZMAN, DENNIS', 0.00, 'INACTIVE', '2023-07-14 12:37:36', '2023-07-14 12:37:36', 1),
(86, 79, 'KINICOT, VIRGINIA', 0.00, 'INACTIVE', '2023-07-14 12:37:36', '2023-07-14 12:37:36', 1),
(87, 85, 'DAGO-OC, VIRGINIA', 0.00, 'INACTIVE', '2023-07-14 12:37:36', '2023-07-14 12:37:36', 1),
(88, 107, 'CATARATA, JERBIE', 0.00, 'INACTIVE', '2023-07-14 12:37:36', '2023-07-14 12:37:36', 1),
(89, 109, 'BALDADO, MA. SABRINA', 0.00, 'INACTIVE', '2023-07-14 12:37:36', '2023-07-14 12:37:36', 1),
(90, 116, 'KINDING, PRECELDA', 0.00, 'INACTIVE', '2023-07-14 12:37:36', '2023-07-14 12:37:36', 1),
(91, 131, 'ROMANO, RYAN', 0.00, 'INACTIVE', '2023-07-14 12:37:36', '2023-07-14 12:37:36', 1),
(92, 163, 'VELARA, ANTONIO', 0.00, 'INACTIVE', '2023-07-14 12:37:36', '2023-07-14 12:37:36', 1),
(93, 300, 'KINICOT, JERLYN', 0.00, 'INACTIVE', '2023-07-14 12:37:36', '2023-07-14 12:37:36', 1),
(94, 528, 'BELANDRES, JUN', 0.00, 'INACTIVE', '2023-07-14 12:37:36', '2023-07-14 12:37:36', 1),
(95, 587, 'AMARO, JERCYL', 0.00, 'INACTIVE', '2023-07-14 12:37:36', '2023-07-14 12:37:36', 1),
(96, 874, 'SILVA, EVELYN', 0.00, 'INACTIVE', '2023-07-14 12:37:36', '2023-07-14 12:37:36', 1),
(97, 952, 'BALUBAR, MARYDEL', 0.00, 'INACTIVE', '2023-07-14 12:37:36', '2023-07-14 12:37:36', 1),
(98, 23, 'PIÑERO, LEO', 0.00, 'GOOD', '2023-07-14 12:37:36', '2023-07-14 12:37:36', 2),
(99, 24, 'JABAYBAY, MICHAEL', 0.00, 'GOOD', '2023-07-14 12:37:36', '2023-07-14 12:37:36', 2),
(100, 25, 'TORRES, EFREN ROMULO', 0.00, 'GOOD', '2023-07-14 12:37:36', '2023-07-14 12:37:36', 2),
(101, 27, 'SANDIGAN, FLORENITH', 0.00, 'GOOD', '2023-07-14 12:37:36', '2023-07-14 12:37:36', 2),
(102, 28, 'ELNAR, JASON', 0.00, 'GOOD', '2023-07-14 12:37:36', '2023-07-14 12:37:36', 2),
(103, 30, 'PATAYTAY, VERONICA', 0.00, 'GOOD', '2023-07-14 12:37:36', '2023-07-14 12:37:36', 2),
(104, 32, 'INFANTE, CATALINA', 0.00, 'GOOD', '2023-07-14 12:37:36', '2023-07-14 12:37:36', 2),
(105, 33, 'YBAÑEZ, ELJEAN', 0.00, 'GOOD', '2023-07-14 12:37:36', '2023-07-14 12:37:36', 2),
(106, 34, 'TINDOC, MARIGLEN', 0.00, 'GOOD', '2023-07-14 12:37:36', '2023-07-14 12:37:36', 2),
(107, 41, 'BARO, ROMEO', 0.00, 'GOOD', '2023-07-14 12:37:36', '2023-07-14 12:37:36', 2),
(108, 42, 'YBAÑEZ, CARL NOEL', 0.00, 'GOOD', '2023-07-14 12:37:36', '2023-07-14 12:37:36', 2),
(109, 45, 'CATAN, RIZZA', 0.00, 'GOOD', '2023-07-14 12:37:36', '2023-07-14 12:37:36', 2),
(110, 46, 'ORO, JOSEFINA', 0.00, 'GOOD', '2023-07-14 12:37:36', '2023-07-14 12:37:36', 2),
(111, 47, 'VINCOY, REAH JANE', 0.00, 'GOOD', '2023-07-14 12:37:36', '2023-07-14 12:37:36', 2),
(112, 52, 'LIBATON, ANNABELLA', 0.00, 'GOOD', '2023-07-14 12:37:36', '2023-07-14 12:37:36', 2),
(113, 53, 'CABONELAS, VILMA', 0.00, 'GOOD', '2023-07-14 12:37:36', '2023-07-14 12:37:36', 2),
(114, 61, 'ABLONG, NENITA', 0.00, 'GOOD', '2023-07-14 12:37:36', '2023-07-14 12:37:36', 2),
(115, 62, 'MANAHON, DEOGRACILLA', 0.00, 'GOOD', '2023-07-14 12:37:36', '2023-07-14 12:37:36', 2),
(116, 63, 'LUMAWAG, PEARL', 0.00, 'GOOD', '2023-07-14 12:37:36', '2023-07-14 12:37:36', 2),
(117, 65, 'SORIANO, MARY EDEN', 0.00, 'GOOD', '2023-07-14 12:37:36', '2023-07-14 12:37:36', 2),
(118, 65, 'ABLONG, CHARRY', 0.00, 'GOOD', '2023-07-14 12:37:36', '2023-07-14 12:37:36', 2),
(119, 66, 'DELA CERNA, ANTHONY', 0.00, 'GOOD', '2023-07-14 12:37:36', '2023-07-14 12:37:36', 2),
(120, 68, 'ALTUBAR, SANTIAGA', 0.00, 'GOOD', '2023-07-14 12:37:36', '2023-07-14 12:37:36', 2),
(121, 69, 'DEMCILLO, LEMY', 0.00, 'GOOD', '2023-07-14 12:37:36', '2023-07-14 12:37:36', 2),
(122, 70, 'QUIROQUIRO, LOURDES', 0.00, 'GOOD', '2023-07-14 12:37:36', '2023-07-14 12:37:36', 2),
(123, 73, 'FABILLAR, JINKY', 0.00, 'GOOD', '2023-07-14 12:37:36', '2023-07-14 12:37:36', 2),
(124, 74, 'VIDAL, MERLYN', 0.00, 'GOOD', '2023-07-14 12:37:36', '2023-07-14 12:37:36', 2),
(125, 75, 'DONGHAO, ALEX', 0.00, 'GOOD', '2023-07-14 12:37:36', '2023-07-14 12:37:36', 2),
(126, 76, 'LLOSA, PRUDENCIA', 0.00, 'GOOD', '2023-07-14 12:37:36', '2023-07-14 12:37:36', 2),
(127, 76, 'BANQUERIGO, JOSEPHINE', 0.00, 'GOOD', '2023-07-14 12:37:36', '2023-07-14 12:37:36', 2),
(128, 77, 'CUTILLAR, NICOLAS', 0.00, 'GOOD', '2023-07-14 12:37:36', '2023-07-14 12:37:36', 2),
(129, 78, 'RAMOS, POLICARPO', 0.00, 'GOOD', '2023-07-14 12:37:36', '2023-07-14 12:37:36', 2),
(130, 86, 'CALIGUID, MA, GENA', 0.00, 'GOOD', '2023-07-14 12:37:36', '2023-07-14 12:37:36', 2),
(131, 87, 'DICEN, EMELDA', 0.00, 'GOOD', '2023-07-14 12:37:36', '2023-07-14 12:37:36', 2),
(132, 88, 'FERNANDEZ, ALMERA', 0.00, 'GOOD', '2023-07-14 12:37:36', '2023-07-14 12:37:36', 2),
(133, 89, 'ARAPOC, FELIPA', 0.00, 'GOOD', '2023-07-14 12:37:36', '2023-07-14 12:37:36', 2),
(134, 95, 'CALLAO, RODELYN', 0.00, 'GOOD', '2023-07-14 12:37:36', '2023-07-14 12:37:36', 2),
(135, 96, 'CALLAO, ANGELIE', 0.00, 'GOOD', '2023-07-14 12:37:36', '2023-07-14 12:37:36', 2),
(136, 97, 'BANQUERIGO, JULIETA', 0.00, 'GOOD', '2023-07-14 12:37:36', '2023-07-14 12:37:36', 2),
(137, 98, 'RETES, BLANCA', 0.00, 'GOOD', '2023-07-14 12:37:36', '2023-07-14 12:37:36', 2),
(138, 99, 'TIO, GREGORIO', 0.00, 'GOOD', '2023-07-14 12:37:36', '2023-07-14 12:37:36', 2),
(139, 100, 'ABALOT, ANALY', 0.00, 'GOOD', '2023-07-14 12:37:36', '2023-07-14 12:37:36', 2),
(140, 101, 'FORTIT, CRISTITA', 0.00, 'GOOD', '2023-07-14 12:37:36', '2023-07-14 12:37:36', 2),
(141, 102, 'DEMECILLO, JORALYN', 0.00, 'GOOD', '2023-07-14 12:37:36', '2023-07-14 12:37:36', 2),
(142, 103, 'BARO, NELSON', 0.00, 'GOOD', '2023-07-14 12:37:36', '2023-07-14 12:37:36', 2),
(143, 112, 'GONZALES, DARWIN CLARK', 0.00, 'GOOD', '2023-07-14 12:37:36', '2023-07-14 12:37:36', 2),
(144, 113, 'IMBO, CELESTINO', 0.00, 'GOOD', '2023-07-14 12:37:36', '2023-07-14 12:37:36', 2),
(145, 114, 'PORTALLO, DARLYN', 0.00, 'GOOD', '2023-07-14 12:37:36', '2023-07-14 12:37:36', 2),
(146, 120, 'BALDERO, LEONY', 0.00, 'GOOD', '2023-07-14 12:37:36', '2023-07-14 12:37:36', 2),
(147, 121, 'TACOLOY, ANABEL', 0.00, 'GOOD', '2023-07-14 12:37:36', '2023-07-14 12:37:36', 2),
(148, 122, 'LIBRON, VEVENCIA', 0.00, 'GOOD', '2023-07-14 12:37:36', '2023-07-14 12:37:36', 2),
(149, 136, 'GAJANO, LEONILA', 0.00, 'GOOD', '2023-07-14 12:37:36', '2023-07-14 12:37:36', 2),
(150, 137, 'TANILON, FRANKLIN', 0.00, 'GOOD', '2023-07-14 12:37:36', '2023-07-14 12:37:36', 2),
(151, 151, 'ACAR, VICTORIA', 0.00, 'GOOD', '2023-07-14 12:37:36', '2023-07-14 12:37:36', 2),
(152, 154, 'MONGCOPA, GERLIE JEAN', 0.00, 'GOOD', '2023-07-14 12:37:36', '2023-07-14 12:37:36', 2),
(153, 158, 'ORO, MARIBEL', 0.00, 'GOOD', '2023-07-14 12:37:36', '2023-07-14 12:37:36', 2),
(154, 159, 'OLAM, LYDIA', 0.00, 'GOOD', '2023-07-14 12:37:36', '2023-07-14 12:37:36', 2),
(155, 160, 'ALSOLA, MARTIN', 0.00, 'GOOD', '2023-07-14 12:37:36', '2023-07-14 12:37:36', 2),
(156, 161, 'BALBON, ELBERT', 0.00, 'GOOD', '2023-07-14 12:37:36', '2023-07-14 12:37:36', 2),
(157, 165, 'DALIOS, LIEZEL', 0.00, 'GOOD', '2023-07-14 12:37:36', '2023-07-14 12:37:36', 2),
(158, 166, 'RAFAL, JAZYL', 0.00, 'GOOD', '2023-07-14 12:37:36', '2023-07-14 12:37:36', 2),
(159, 171, 'PEREZ, EMARELYNDA', 0.00, 'GOOD', '2023-07-14 12:37:36', '2023-07-14 12:37:36', 2),
(160, 172, 'LIBATON, ANNABELLE', 0.00, 'GOOD', '2023-07-14 12:37:36', '2023-07-14 12:37:36', 2),
(161, 178, 'GRAFE, CHARYLYN', 0.00, 'GOOD', '2023-07-14 12:37:36', '2023-07-14 12:37:36', 2),
(162, 179, 'ZAMORA, MARIAN', 0.00, 'GOOD', '2023-07-14 12:37:36', '2023-07-14 12:37:36', 2),
(163, 232, 'AGONG, JOMAYRA', 0.00, 'GOOD', '2023-07-14 12:37:36', '2023-07-14 12:37:36', 2),
(164, 233, 'DAUD, JOHAYRA', 0.00, 'GOOD', '2023-07-14 12:37:36', '2023-07-14 12:37:36', 2),
(165, 234, 'BARCELONA, ROMULO JR', 0.00, 'GOOD', '2023-07-14 12:37:36', '2023-07-14 12:37:36', 2),
(166, 287, 'JANGUIN, ENCARNACION', 0.00, 'GOOD', '2023-07-14 12:37:36', '2023-07-14 12:37:36', 2),
(167, 288, 'HABAGAT, LUCITA', 0.00, 'GOOD', '2023-07-14 12:37:36', '2023-07-14 12:37:36', 2),
(168, 289, 'LAPUZ, NOEL', 0.00, 'GOOD', '2023-07-14 12:37:36', '2023-07-14 12:37:36', 2),
(169, 508, 'GARSOLA, JOSEPHINE', 0.00, 'GOOD', '2023-07-14 12:37:36', '2023-07-14 12:37:36', 2),
(170, 509, 'AGONG, JONAID', 0.00, 'GOOD', '2023-07-14 12:37:36', '2023-07-14 12:37:36', 2),
(171, 510, 'DAUD, JONAYL', 0.00, 'GOOD', '2023-07-14 12:37:36', '2023-07-14 12:37:36', 2),
(172, 511, 'EUMAGUE, VIRGILIE', 0.00, 'GOOD', '2023-07-14 12:37:36', '2023-07-14 12:37:36', 2),
(173, 512, 'PAGBONOCAN, ALLAN', 0.00, 'GOOD', '2023-07-14 12:37:36', '2023-07-14 12:37:36', 2),
(174, 623, 'RAMIREZ, MARITES', 0.00, 'GOOD', '2023-07-14 12:37:36', '2023-07-14 12:37:36', 2),
(175, 722, 'RUPINO, JERIMAE', 0.00, 'GOOD', '2023-07-14 12:37:36', '2023-07-14 12:37:36', 2),
(176, 723, 'AMISTOSO, JOCELYN', 0.00, 'GOOD', '2023-07-14 12:37:36', '2023-07-14 12:37:36', 2),
(177, 979, 'JABONI, MA. CORAZON', 0.00, 'GOOD', '2023-07-14 12:37:36', '2023-07-14 12:37:36', 2),
(178, 980, 'SOMOZA, ANN MARIE', 0.00, 'GOOD', '2023-07-14 12:37:36', '2023-07-14 12:37:36', 2),
(179, 981, 'UMBAC, AIDA', 0.00, 'GOOD', '2023-07-14 12:37:36', '2023-07-14 12:37:36', 2),
(180, 983, 'MADERAZO, JERVIS COLE', 0.00, 'GOOD', '2023-07-14 12:37:36', '2023-07-14 12:37:36', 2),
(181, 984, 'MASACAL, KAMIL', 0.00, 'GOOD', '2023-07-14 12:37:36', '2023-07-14 12:37:36', 2),
(182, 1002, 'GACO, GREJOHN', 0.00, 'GOOD', '2023-07-14 12:37:36', '2023-07-14 12:37:36', 2),
(183, 1126, 'SERRANO, ALAN', 0.00, 'GOOD', '2023-07-14 12:37:36', '2023-07-14 12:37:36', 2),
(184, 1127, 'ACIBES, JEANNE MATEL', 0.00, 'GOOD', '2023-07-14 12:37:36', '2023-07-14 12:37:36', 2),
(185, 1128, 'FERNANDEZ, ADELAIDO', 0.00, 'GOOD', '2023-07-14 12:37:36', '2023-07-14 12:37:36', 2),
(186, 1129, 'BOCO, ELIZABETH', 0.00, 'GOOD', '2023-07-14 12:37:36', '2023-07-14 12:37:36', 2),
(187, 1213, 'MORALES, ROSEMAY', 0.00, 'GOOD', '2023-07-14 12:37:36', '2023-07-14 12:37:36', 2),
(188, 1233, 'CATAN, MELDY', 0.00, 'GOOD', '2023-07-14 12:37:36', '2023-07-14 12:37:36', 2),
(189, 26, 'LARA, JULITA', 0.00, 'INACTIVE', '2023-07-14 12:37:36', '2023-07-14 12:37:36', 2),
(190, 29, 'ECHICA, SALLY', 0.00, 'INACTIVE', '2023-07-14 12:37:36', '2023-07-14 12:37:36', 2),
(191, 43, 'DIVINAGRACIA, DAWN', 0.00, 'INACTIVE', '2023-07-14 12:37:36', '2023-07-14 12:37:36', 2),
(192, 44, 'DIVINAGRACIA, MARIA VICTORIA', 0.00, 'INACTIVE', '2023-07-14 12:37:36', '2023-07-14 12:37:36', 2),
(193, 54, 'BENLOT, ROLANDO', 0.00, 'INACTIVE', '2023-07-14 12:37:36', '2023-07-14 12:37:36', 2),
(194, 60, 'ALVARICO, EUFRACIO JR', 0.00, 'INACTIVE', '2023-07-14 12:37:36', '2023-07-14 12:37:36', 2),
(195, 64, 'TOLIBAS, MAY ANN', 0.00, 'INACTIVE', '2023-07-14 12:37:36', '2023-07-14 12:37:36', 2),
(196, 67, 'CEROS, CIRILO', 0.00, 'INACTIVE', '2023-07-14 12:37:36', '2023-07-14 12:37:36', 2),
(197, 94, 'TEVES, RUEL', 0.00, 'INACTIVE', '2023-07-14 12:37:36', '2023-07-14 12:37:36', 2),
(198, 110, 'SAPU-AN, ANABELLE', 0.00, 'INACTIVE', '2023-07-14 12:37:36', '2023-07-14 12:37:36', 2),
(199, 111, 'MAYAGMA, JULIETA', 0.00, 'INACTIVE', '2023-07-14 12:37:36', '2023-07-14 12:37:36', 2),
(200, 125, 'BARREDO, LORNA', 0.00, 'INACTIVE', '2023-07-14 12:37:36', '2023-07-14 12:37:36', 2),
(201, 126, 'MYTON, LEONORA', 0.00, 'INACTIVE', '2023-07-14 12:37:36', '2023-07-14 12:37:36', 2),
(202, 127, 'SILORIO, ERMALIN', 0.00, 'INACTIVE', '2023-07-14 12:37:36', '2023-07-14 12:37:36', 2),
(203, 135, 'YGOT, SHEIZEL KIM', 0.00, 'INACTIVE', '2023-07-14 12:37:36', '2023-07-14 12:37:36', 2),
(204, 140, 'VILLARUZ, NORA', 0.00, 'INACTIVE', '2023-07-14 12:37:36', '2023-07-14 12:37:36', 2),
(205, 142, 'GINES, DIOSDADA', 0.00, 'INACTIVE', '2023-07-14 12:37:36', '2023-07-14 12:37:36', 2),
(206, 144, 'BUENO, CHARRY', 0.00, 'INACTIVE', '2023-07-14 12:37:36', '2023-07-14 12:37:36', 2),
(207, 145, 'DATUIN, JINKY', 0.00, 'INACTIVE', '2023-07-14 12:37:36', '2023-07-14 12:37:36', 2),
(208, 148, 'PULOT, RODELIO', 0.00, 'INACTIVE', '2023-07-14 12:37:36', '2023-07-14 12:37:36', 2),
(209, 149, 'DATUIN, JOSIE ANN', 0.00, 'INACTIVE', '2023-07-14 12:37:36', '2023-07-14 12:37:36', 2),
(210, 153, 'ZERNA, JOSEPHINE', 0.00, 'INACTIVE', '2023-07-14 12:37:36', '2023-07-14 12:37:36', 2),
(211, 624, 'MORA, NEOLY', 0.00, 'INACTIVE', '2023-07-14 12:37:36', '2023-07-14 12:37:36', 2),
(212, 629, 'RAMACHO, AQUILINO JR', 0.00, 'INACTIVE', '2023-07-14 12:37:36', '2023-07-14 12:37:36', 2),
(213, 982, 'ALMAIRAH, ROSBEL', 0.00, 'INACTIVE', '2023-07-14 12:37:36', '2023-07-14 12:37:36', 2),
(214, 985, 'SHIEK, CADER', 0.00, 'INACTIVE', '2023-07-14 12:37:36', '2023-07-14 12:37:36', 2),
(215, 1125, 'SALANGRON, LOBBY', 0.00, 'INACTIVE', '2023-07-14 12:37:36', '2023-07-14 12:37:36', 2),
(216, 2, 'NOBLE, FELISA', 0.00, 'GOOD', '2023-07-14 12:37:36', '2023-07-14 12:37:36', 3),
(217, 10, 'PIONELA, MADEL', 0.00, 'GOOD', '2023-07-14 12:37:36', '2023-07-14 12:37:36', 3),
(218, 23, 'LARENA, ELIZABETH', 0.00, 'GOOD', '2023-07-14 12:37:36', '2023-07-14 12:37:36', 3),
(219, 28, 'MOLINA, VISITACION', 0.00, 'GOOD', '2023-07-14 12:37:36', '2023-07-14 12:37:36', 3),
(220, 29, 'EMPERADO, MAE ANN', 0.00, 'GOOD', '2023-07-14 12:37:36', '2023-07-14 12:37:36', 3),
(221, 32, 'RUSIANA, CHARLIN', 0.00, 'GOOD', '2023-07-14 12:37:36', '2023-07-14 12:37:36', 3),
(222, 33, 'RUSIANA, MILA', 0.00, 'GOOD', '2023-07-14 12:37:36', '2023-07-14 12:37:36', 3),
(223, 34, 'TANU-AN, LUCYLYN', 0.00, 'GOOD', '2023-07-14 12:37:36', '2023-07-14 12:37:36', 3),
(224, 40, 'JANGAS, ROGELIA', 0.00, 'GOOD', '2023-07-14 12:37:36', '2023-07-14 12:37:36', 3),
(225, 41, 'JANGAS, LORINA', 0.00, 'GOOD', '2023-07-14 12:37:36', '2023-07-14 12:37:36', 3),
(226, 49, 'TUBOG, MARY ANN', 0.00, 'GOOD', '2023-07-14 12:37:36', '2023-07-14 12:37:36', 3),
(227, 50, 'PAUSAL, CAROLYN', 0.00, 'GOOD', '2023-07-14 12:37:36', '2023-07-14 12:37:36', 3),
(228, 51, 'OJEDA, MARIA CECIL', 0.00, 'GOOD', '2023-07-14 12:37:36', '2023-07-14 12:37:36', 3),
(229, 54, 'ABUL, JESSA', 0.00, 'GOOD', '2023-07-14 12:37:36', '2023-07-14 12:37:36', 3),
(230, 55, 'AGUILAR, REBECCA', 0.00, 'GOOD', '2023-07-14 12:37:36', '2023-07-14 12:37:36', 3),
(231, 61, 'FAUSTO, MARISSA', 0.00, 'GOOD', '2023-07-14 12:37:36', '2023-07-14 12:37:36', 3),
(232, 115, 'MILLAN, SHIELA', 0.00, 'GOOD', '2023-07-14 12:37:36', '2023-07-14 12:37:36', 3),
(233, 180, 'YBAÑEZ, ANALYN', 0.00, 'GOOD', '2023-07-14 12:37:36', '2023-07-14 12:37:36', 3),
(234, 181, 'SESALDO, RODRIGO', 0.00, 'GOOD', '2023-07-14 12:37:36', '2023-07-14 12:37:36', 3),
(235, 182, 'CABAHUG, VIC ROEL', 0.00, 'GOOD', '2023-07-14 12:37:36', '2023-07-14 12:37:36', 3),
(236, 183, 'BELANGGOY, JANET', 0.00, 'GOOD', '2023-07-14 12:37:36', '2023-07-14 12:37:36', 3),
(237, 184, 'RICABLANCA, ELMA', 0.00, 'GOOD', '2023-07-14 12:37:36', '2023-07-14 12:37:36', 3),
(238, 185, 'SOLAMILLO, JESSEL', 0.00, 'GOOD', '2023-07-14 12:37:36', '2023-07-14 12:37:36', 3),
(239, 186, 'MAQUILING, CONCEPCION', 0.00, 'GOOD', '2023-07-14 12:37:36', '2023-07-14 12:37:36', 3),
(240, 188, 'TAMPAN, ANANIAS', 0.00, 'GOOD', '2023-07-14 12:37:36', '2023-07-14 12:37:36', 3),
(241, 189, 'LAPEZ, CRISTINA', 0.00, 'GOOD', '2023-07-14 12:37:36', '2023-07-14 12:37:36', 3),
(242, 190, 'NOBLE, FELIZA', 0.00, 'GOOD', '2023-07-14 12:37:36', '2023-07-14 12:37:36', 3),
(243, 191, 'QUISEL, ROGER', 0.00, 'GOOD', '2023-07-14 12:37:36', '2023-07-14 12:37:36', 3),
(244, 192, 'TANO, JONAVYL', 0.00, 'GOOD', '2023-07-14 12:37:36', '2023-07-14 12:37:36', 3),
(245, 194, 'CAGAS, KEVEN', 0.00, 'GOOD', '2023-07-14 12:37:36', '2023-07-14 12:37:36', 3),
(246, 196, 'AGUILAR, JEAN', 0.00, 'GOOD', '2023-07-14 12:37:36', '2023-07-14 12:37:36', 3),
(247, 200, 'PIS-AN, HAZEL', 0.00, 'GOOD', '2023-07-14 12:37:36', '2023-07-14 12:37:36', 3),
(248, 201, 'ZERNA, ANN MARGARETTE', 0.00, 'GOOD', '2023-07-14 12:37:36', '2023-07-14 12:37:36', 3),
(249, 202, 'RUBIO, LUZVIMINDA', 0.00, 'GOOD', '2023-07-14 12:37:36', '2023-07-14 12:37:36', 3),
(250, 203, 'MEGEO, NORMA', 0.00, 'GOOD', '2023-07-14 12:37:36', '2023-07-14 12:37:36', 3),
(251, 204, 'ANTIPUESTO, NISHEL', 0.00, 'GOOD', '2023-07-14 12:37:36', '2023-07-14 12:37:36', 3),
(252, 205, 'CANTILA, HELEN', 0.00, 'GOOD', '2023-07-14 12:37:36', '2023-07-14 12:37:36', 3),
(253, 206, 'BOJOS, JOSEPHINE', 0.00, 'GOOD', '2023-07-14 12:37:36', '2023-07-14 12:37:36', 3),
(254, 207, 'GANTE, CRISTINA', 0.00, 'GOOD', '2023-07-14 12:37:36', '2023-07-14 12:37:36', 3),
(255, 209, 'OYO-A, MARIA ROSEL', 0.00, 'GOOD', '2023-07-14 12:37:36', '2023-07-14 12:37:36', 3),
(256, 210, 'PAYBA, BENJAMEN', 0.00, 'GOOD', '2023-07-14 12:37:36', '2023-07-14 12:37:36', 3),
(257, 211, 'KIRIT, FATIMA', 0.00, 'GOOD', '2023-07-14 12:37:36', '2023-07-14 12:37:36', 3),
(258, 212, 'ARANAS, VILMA ANNA', 0.00, 'GOOD', '2023-07-14 12:37:36', '2023-07-14 12:37:36', 3),
(259, 216, 'PIONELA, MARIO', 0.00, 'GOOD', '2023-07-14 12:37:36', '2023-07-14 12:37:36', 3),
(260, 217, 'RUBIO, MARIBEL', 0.00, 'GOOD', '2023-07-14 12:37:36', '2023-07-14 12:37:36', 3),
(261, 218, 'ARANAS, FEDENCIA', 0.00, 'GOOD', '2023-07-14 12:37:36', '2023-07-14 12:37:36', 3),
(262, 219, 'ABANTAO, JENMARIE', 0.00, 'GOOD', '2023-07-14 12:37:36', '2023-07-14 12:37:36', 3),
(263, 222, 'MELON, ELYN', 0.00, 'GOOD', '2023-07-14 12:37:36', '2023-07-14 12:37:36', 3),
(264, 224, 'CATAN, DEE JAE', 0.00, 'GOOD', '2023-07-14 12:37:36', '2023-07-14 12:37:36', 3),
(265, 227, 'SEBLERO, TRINIDAD', 0.00, 'GOOD', '2023-07-14 12:37:36', '2023-07-14 12:37:36', 3),
(266, 228, 'DOLIANTES, JESS', 0.00, 'GOOD', '2023-07-14 12:37:36', '2023-07-14 12:37:36', 3),
(267, 229, 'PIÑERO, FELIPE', 0.00, 'GOOD', '2023-07-14 12:37:36', '2023-07-14 12:37:36', 3),
(268, 230, 'LINIHAN, JULINDA', 0.00, 'GOOD', '2023-07-14 12:37:36', '2023-07-14 12:37:36', 3),
(269, 235, 'AGUILA, MARIA SOLIDAD', 0.00, 'GOOD', '2023-07-14 12:37:36', '2023-07-14 12:37:36', 3),
(270, 247, 'ISO, MARILOU', 0.00, 'GOOD', '2023-07-14 12:37:36', '2023-07-14 12:37:36', 3),
(271, 248, 'ALDACA, MARILYN', 0.00, 'GOOD', '2023-07-14 12:37:36', '2023-07-14 12:37:36', 3),
(272, 250, 'ALATAN. ARVIN', 0.00, 'GOOD', '2023-07-14 12:37:36', '2023-07-14 12:37:36', 3),
(273, 253, 'ALABADO, CRISTITUTA', 0.00, 'GOOD', '2023-07-14 12:37:36', '2023-07-14 12:37:36', 3),
(274, 254, 'TUBOG, MARY ANN', 0.00, 'GOOD', '2023-07-14 12:37:36', '2023-07-14 12:37:36', 3),
(275, 255, 'DAYOT, ISABEL', 0.00, 'GOOD', '2023-07-14 12:37:36', '2023-07-14 12:37:36', 3),
(276, 256, 'EMPERADO, MAE ANN', 0.00, 'GOOD', '2023-07-14 12:37:36', '2023-07-14 12:37:36', 3),
(277, 259, 'VILLAROBIA, ARMANDO', 0.00, 'GOOD', '2023-07-14 12:37:36', '2023-07-14 12:37:36', 3),
(278, 260, 'LUMAMPAS, ARMANDO', 0.00, 'GOOD', '2023-07-14 12:37:36', '2023-07-14 12:37:36', 3),
(279, 264, 'CECISTA, JOSERY', 0.00, 'GOOD', '2023-07-14 12:37:36', '2023-07-14 12:37:36', 3),
(280, 266, 'ZUNIEGA, LUNITA', 0.00, 'GOOD', '2023-07-14 12:37:36', '2023-07-14 12:37:36', 3),
(281, 270, 'VILLACAMPA, EDWIN JAMES', 0.00, 'GOOD', '2023-07-14 12:37:36', '2023-07-14 12:37:36', 3),
(282, 276, 'EUPEÑA, MAGDALENA', 0.00, 'GOOD', '2023-07-14 12:37:36', '2023-07-14 12:37:36', 3),
(283, 277, 'SALES, ANGELES', 0.00, 'GOOD', '2023-07-14 12:37:36', '2023-07-14 12:37:36', 3),
(284, 279, 'CABALES, ERLINDA', 0.00, 'GOOD', '2023-07-14 12:37:36', '2023-07-14 12:37:36', 3),
(285, 283, 'SALES, ANGELICA', 0.00, 'GOOD', '2023-07-14 12:37:36', '2023-07-14 12:37:36', 3),
(286, 285, 'QUILAQUIGA, SUSAN', 0.00, 'GOOD', '2023-07-14 12:37:36', '2023-07-14 12:37:36', 3),
(287, 294, 'RUSIANA, DIANA', 0.00, 'GOOD', '2023-07-14 12:37:36', '2023-07-14 12:37:36', 3),
(288, 302, 'ORTIZ, MITZI', 0.00, 'GOOD', '2023-07-14 12:37:36', '2023-07-14 12:37:36', 3),
(289, 304, 'ESTAMIL, EMELDA', 0.00, 'GOOD', '2023-07-14 12:37:36', '2023-07-14 12:37:36', 3),
(290, 473, 'FAUSTO, MARISSA', 0.00, 'GOOD', '2023-07-14 12:37:36', '2023-07-14 12:37:36', 3),
(291, 546, 'CHUA, MITCHELLE', 0.00, 'GOOD', '2023-07-14 12:37:36', '2023-07-14 12:37:36', 3),
(292, 547, 'REZADA, DANTE', 0.00, 'GOOD', '2023-07-14 12:37:36', '2023-07-14 12:37:36', 3),
(293, 854, 'GENERAL, ELUMINADA', 0.00, 'GOOD', '2023-07-14 12:37:36', '2023-07-14 12:37:36', 3),
(294, 873, 'RUBIO, JOHN CARL', 0.00, 'GOOD', '2023-07-14 12:37:36', '2023-07-14 12:37:36', 3),
(295, 932, 'GOCOTANO, JEFFREY', 0.00, 'GOOD', '2023-07-14 12:37:36', '2023-07-14 12:37:36', 3),
(296, 1135, 'SOLAMILLO, DANIERA', 0.00, 'GOOD', '2023-07-14 12:37:36', '2023-07-14 12:37:36', 3),
(297, 1136, 'BAGUIO, ROBERT', 0.00, 'GOOD', '2023-07-14 12:37:36', '2023-07-14 12:37:36', 3),
(298, 1137, 'ABRENICA, VICTORIA', 0.00, 'GOOD', '2023-07-14 12:37:36', '2023-07-14 12:37:36', 3),
(299, 1138, 'SARNE, JAKE BERNARD', 0.00, 'GOOD', '2023-07-14 12:37:36', '2023-07-14 12:37:36', 3),
(300, 1139, 'PINO, DIOSCORA', 0.00, 'GOOD', '2023-07-14 12:37:36', '2023-07-14 12:37:36', 3),
(301, 1237, 'ANTHONY, JAMES ANDREW', 0.00, 'GOOD', '2023-07-14 12:37:36', '2023-07-14 12:37:36', 3),
(302, 187, 'VERDOCILLO, ROSITA', 0.00, 'INACTIVE', '2023-07-14 12:37:36', '2023-07-14 12:37:36', 3),
(303, 195, 'VILLAR, ANNABEL', 0.00, 'INACTIVE', '2023-07-14 12:37:36', '2023-07-14 12:37:36', 3),
(304, 199, 'RUSIANA, CHARLIN', 0.00, 'INACTIVE', '2023-07-14 12:37:36', '2023-07-14 12:37:36', 3),
(305, 220, 'HERMINIO, EMMA', 0.00, 'INACTIVE', '2023-07-14 12:37:36', '2023-07-14 12:37:36', 3),
(306, 221, 'BATO, JOSIPINA', 0.00, 'INACTIVE', '2023-07-14 12:37:36', '2023-07-14 12:37:36', 3),
(307, 223, 'SALAC, CATHERINE', 0.00, 'INACTIVE', '2023-07-14 12:37:36', '2023-07-14 12:37:36', 3),
(308, 225, 'ARCADENIA, JENROS', 0.00, 'INACTIVE', '2023-07-14 12:37:36', '2023-07-14 12:37:36', 3),
(309, 231, 'ISO, JANET', 0.00, 'INACTIVE', '2023-07-14 12:37:36', '2023-07-14 12:37:36', 3),
(310, 238, 'FERRER, BARTOLOMENA', 0.00, 'INACTIVE', '2023-07-14 12:37:36', '2023-07-14 12:37:36', 3),
(311, 239, 'FERRER, AGNES', 0.00, 'INACTIVE', '2023-07-14 12:37:36', '2023-07-14 12:37:36', 3),
(312, 240, 'MONTUERTO, GREGORIA', 0.00, 'INACTIVE', '2023-07-14 12:37:36', '2023-07-14 12:37:36', 3),
(313, 241, 'AUDEJE, SUSANA', 0.00, 'INACTIVE', '2023-07-14 12:37:36', '2023-07-14 12:37:36', 3),
(314, 242, 'JORDAN, JACQUELINE', 0.00, 'INACTIVE', '2023-07-14 12:37:36', '2023-07-14 12:37:36', 3),
(315, 243, 'SOLAMILLO, VIRGINIA', 0.00, 'INACTIVE', '2023-07-14 12:37:36', '2023-07-14 12:37:36', 3),
(316, 246, 'OJASTRO, RENELYN', 0.00, 'INACTIVE', '2023-07-14 12:37:36', '2023-07-14 12:37:36', 3),
(317, 252, 'LAURENTE, DIOREBETH', 0.00, 'INACTIVE', '2023-07-14 12:37:36', '2023-07-14 12:37:36', 3),
(318, 257, 'FERRER, MARILOU', 0.00, 'INACTIVE', '2023-07-14 12:37:36', '2023-07-14 12:37:36', 3),
(319, 261, 'LOISO, MARGIE', 0.00, 'INACTIVE', '2023-07-14 12:37:36', '2023-07-14 12:37:36', 3),
(320, 263, 'QUIO, ANALIZA', 0.00, 'INACTIVE', '2023-07-14 12:37:36', '2023-07-14 12:37:36', 3),
(321, 265, 'QUITOY, PACITA', 0.00, 'INACTIVE', '2023-07-14 12:37:36', '2023-07-14 12:37:36', 3),
(322, 269, 'CAGAS, NAOME', 0.00, 'INACTIVE', '2023-07-14 12:37:36', '2023-07-14 12:37:36', 3),
(323, 273, 'SUMANOY, MA. DANIHCA', 0.00, 'INACTIVE', '2023-07-14 12:37:36', '2023-07-14 12:37:36', 3),
(324, 274, 'VILLEGAS, VICTORIA', 0.00, 'INACTIVE', '2023-07-14 12:37:36', '2023-07-14 12:37:36', 3),
(325, 275, 'SARA, SHIELA', 0.00, 'INACTIVE', '2023-07-14 12:37:36', '2023-07-14 12:37:36', 3),
(326, 278, 'MENDEZ, GRACE', 0.00, 'INACTIVE', '2023-07-14 12:37:36', '2023-07-14 12:37:36', 3),
(327, 280, 'MIRO, CIARA MAE', 0.00, 'INACTIVE', '2023-07-14 12:37:36', '2023-07-14 12:37:36', 3),
(328, 281, 'TAPALES, JUDY MAE', 0.00, 'INACTIVE', '2023-07-14 12:37:36', '2023-07-14 12:37:36', 3),
(329, 282, 'CAGAS, EDMIE', 0.00, 'INACTIVE', '2023-07-14 12:37:36', '2023-07-14 12:37:36', 3),
(330, 284, 'JIMOL, IAN RAY', 0.00, 'INACTIVE', '2023-07-14 12:37:36', '2023-07-14 12:37:36', 3),
(331, 290, 'SALAPA, ANECITA', 0.00, 'INACTIVE', '2023-07-14 12:37:36', '2023-07-14 12:37:36', 3),
(332, 291, 'ZERNA, EMMA', 0.00, 'INACTIVE', '2023-07-14 12:37:36', '2023-07-14 12:37:36', 3),
(333, 292, 'BESARIO, NOVIE', 0.00, 'INACTIVE', '2023-07-14 12:37:36', '2023-07-14 12:37:36', 3),
(334, 293, 'LEBREDO, CARLITO JR', 0.00, 'INACTIVE', '2023-07-14 12:37:36', '2023-07-14 12:37:36', 3),
(335, 295, 'ZERNA, ANGELICA', 0.00, 'INACTIVE', '2023-07-14 12:37:36', '2023-07-14 12:37:36', 3),
(336, 296, 'CARDENA, EMILY', 0.00, 'INACTIVE', '2023-07-14 12:37:36', '2023-07-14 12:37:36', 3),
(337, 297, 'CADIENTE, AMELYN', 0.00, 'INACTIVE', '2023-07-14 12:37:36', '2023-07-14 12:37:36', 3),
(338, 319, 'DOLINO, JONAHFE', 0.00, 'INACTIVE', '2023-07-14 12:37:36', '2023-07-14 12:37:36', 3),
(339, 667, 'SALBURO, DISPE', 0.00, 'INACTIVE', '2023-07-14 12:37:36', '2023-07-14 12:37:36', 3),
(340, 1134, 'LOMAGBAS, JEECHIL', 0.00, 'INACTIVE', '2023-07-14 12:37:36', '2023-07-14 12:37:36', 3);

-- --------------------------------------------------------

--
-- Table structure for table `collectors`
--

CREATE TABLE `collectors` (
  `id` bigint(20) UNSIGNED NOT NULL,
  `name` varchar(255) DEFAULT NULL,
  `route` varchar(255) DEFAULT NULL,
  `created_at` timestamp NULL DEFAULT NULL,
  `updated_at` timestamp NULL DEFAULT NULL
) ENGINE=InnoDB DEFAULT CHARSET=utf8mb4 COLLATE=utf8mb4_unicode_ci;

--
-- Dumping data for table `collectors`
--

INSERT INTO `collectors` (`id`, `name`, `route`, `created_at`, `updated_at`) VALUES
(1, 'RAFFY', 'banilad', NULL, NULL),
(2, 'ROGER', 'sta monica', NULL, NULL),
(3, 'JOHNNY M', 'babaw', NULL, NULL),
(4, 'JOSHUA', NULL, NULL, NULL),
(5, 'JERWIN', NULL, NULL, NULL),
(6, 'JEFFERSON', NULL, NULL, NULL),
(7, 'RICHARD', NULL, NULL, NULL),
(8, 'DARWIN', NULL, NULL, NULL),
(9, 'JAY', NULL, NULL, NULL),
(10, 'JERLON', NULL, NULL, NULL),
(11, 'ISABEL', NULL, NULL, NULL),
(12, 'CRIS', NULL, NULL, NULL),
(13, 'RYAN', NULL, NULL, NULL);

-- --------------------------------------------------------

--
-- Table structure for table `daily_collections`
--

CREATE TABLE `daily_collections` (
  `id` bigint(20) UNSIGNED NOT NULL,
  `loan_id` int(11) NOT NULL,
  `client_id` int(11) NOT NULL,
  `interest_amount` double(10,2) NOT NULL,
  `daily_principal` double NOT NULL,
  `daily_interest` double NOT NULL,
  `daily_paid` double NOT NULL,
  `status` varchar(255) NOT NULL,
  `remaining_balance` varchar(255) NOT NULL,
  `created_at` timestamp NULL DEFAULT NULL,
  `updated_at` timestamp NULL DEFAULT NULL,
  `collection_date` date DEFAULT NULL
) ENGINE=InnoDB DEFAULT CHARSET=utf8mb4 COLLATE=utf8mb4_unicode_ci;

--
-- Dumping data for table `daily_collections`
--

INSERT INTO `daily_collections` (`id`, `loan_id`, `client_id`, `interest_amount`, `daily_principal`, `daily_interest`, `daily_paid`, `status`, `remaining_balance`, `created_at`, `updated_at`, `collection_date`) VALUES
(1, 1, 1, 0.00, 166.67, 33.33, 200, 'unpaid', '12000', '2023-07-04 16:00:00', '2023-07-04 16:00:00', '2023-07-25'),
(12, 2, 2, 600.00, 50, 10, 0, 'UNPAID', '3000', '2023-07-27 20:58:20', '2023-07-27 20:58:20', '2023-07-27'),
(13, 3, 3, 600.00, 50, 10, 0, 'UNPAID', '3000', '2023-07-27 20:58:20', '2023-07-27 20:58:20', '2023-07-27'),
(14, 4, 4, 600.00, 50, 10, 0, 'UNPAID', '3000', '2023-07-27 20:58:20', '2023-07-27 20:58:20', '2023-07-27'),
(15, 5, 5, 1000.00, 83.33, 16.67, 0, 'UNPAID', '5000', '2023-07-27 20:58:20', '2023-07-27 20:58:20', '2023-07-27'),
(16, 6, 6, 600.00, 50, 10, 0, 'UNPAID', '3000', '2023-07-27 20:58:20', '2023-07-27 20:58:20', '2023-07-27'),
(17, 7, 7, 1000.00, 83.33, 16.67, 0, 'UNPAID', '5000', '2023-07-27 20:58:20', '2023-07-27 20:58:20', '2023-07-27'),
(18, 8, 8, 600.00, 50, 10, 0, 'UNPAID', '3000', '2023-07-27 20:58:20', '2023-07-27 20:58:20', '2023-07-27'),
(19, 9, 9, 600.00, 50, 10, 0, 'UNPAID', '3000', '2023-07-27 20:58:20', '2023-07-27 20:58:20', '2023-07-27'),
(20, 10, 10, 600.00, 50, 10, 0, 'UNPAID', '3000', '2023-07-27 20:58:20', '2023-07-27 20:58:20', '2023-07-27'),
(21, 11, 1, 600.00, 50, 10, 0, 'UNPAID', '3000', '2023-07-27 20:58:20', '2023-07-27 20:58:20', '2023-07-27'),
(82, 2, 2, 600.00, 50, 10, 0, 'UNPAID', '3000', '2023-07-26 10:48:54', '2023-07-26 10:48:54', '2023-07-24'),
(83, 3, 3, 600.00, 50, 10, 0, 'UNPAID', '3000', '2023-07-26 10:48:54', '2023-07-26 10:48:54', '2023-07-24'),
(84, 4, 4, 600.00, 50, 10, 0, 'UNPAID', '3000', '2023-07-26 10:48:54', '2023-07-26 10:48:54', '2023-07-24'),
(85, 5, 5, 1000.00, 83.33, 16.67, 0, 'UNPAID', '5000', '2023-07-26 10:48:54', '2023-07-26 10:48:54', '2023-07-24'),
(86, 6, 6, 600.00, 50, 10, 0, 'UNPAID', '3000', '2023-07-26 10:48:54', '2023-07-26 10:48:54', '2023-07-24'),
(87, 7, 7, 1000.00, 83.33, 16.67, 0, 'UNPAID', '5000', '2023-07-26 10:48:54', '2023-07-26 10:48:54', '2023-07-24'),
(88, 8, 8, 600.00, 50, 10, 0, 'UNPAID', '3000', '2023-07-26 10:48:54', '2023-07-26 10:48:54', '2023-07-24'),
(89, 9, 9, 600.00, 50, 10, 0, 'UNPAID', '3000', '2023-07-26 10:48:54', '2023-07-26 10:48:54', '2023-07-24'),
(90, 10, 10, 600.00, 50, 10, 0, 'UNPAID', '3000', '2023-07-26 10:48:54', '2023-07-26 10:48:54', '2023-07-24'),
(91, 11, 1, 600.00, 50, 10, 0, 'UNPAID', '3000', '2023-07-26 10:48:54', '2023-07-26 10:48:54', '2023-07-24'),
(92, 2, 2, 600.00, 50, 10, 60, 'PAID', '3480', '2023-07-26 11:50:50', '2023-07-31 11:42:12', '2023-07-26'),
(93, 3, 3, 600.00, 50, 10, 0, 'UNPAID', '3000', '2023-07-26 11:50:50', '2023-07-26 11:50:50', '2023-07-26'),
(94, 4, 4, 600.00, 50, 10, 60, 'PAID', '3480', '2023-07-26 11:50:50', '2023-07-31 11:42:14', '2023-07-26'),
(95, 5, 5, 1000.00, 83.33, 16.67, 0, 'UNPAID', '5000', '2023-07-26 11:50:50', '2023-07-26 11:50:50', '2023-07-26'),
(96, 6, 6, 600.00, 50, 10, 0, 'UNPAID', '3000', '2023-07-26 11:50:50', '2023-07-26 11:50:50', '2023-07-26'),
(97, 7, 7, 1000.00, 83.33, 16.67, 200, 'PAID', '5650', '2023-07-26 11:50:50', '2023-07-31 11:42:16', '2023-07-26'),
(98, 8, 8, 600.00, 50, 10, 15, 'PAID', '3485', '2023-07-26 11:50:50', '2023-07-31 11:42:18', '2023-07-26'),
(99, 9, 9, 600.00, 50, 10, 100, 'PAID', '3300', '2023-07-26 11:50:50', '2023-07-31 11:42:19', '2023-07-26'),
(100, 10, 10, 600.00, 50, 10, 200, 'PAID', '3400', '2023-07-26 11:50:50', '2023-07-31 11:42:22', '2023-07-26'),
(101, 11, 1, 600.00, 50, 10, 22, 'PAID', '3278', '2023-07-26 11:50:50', '2023-07-31 11:42:24', '2023-07-26'),
(122, 2, 2, 600.00, 50, 10, 0, 'UNPAID', '3000', '2023-07-27 21:16:48', '2023-07-27 21:16:48', '2023-07-29'),
(123, 3, 3, 600.00, 50, 10, 0, 'UNPAID', '3000', '2023-07-27 21:16:48', '2023-07-27 21:16:48', '2023-07-29'),
(124, 4, 4, 600.00, 50, 10, 0, 'UNPAID', '3000', '2023-07-27 21:16:48', '2023-07-27 21:16:48', '2023-07-29'),
(125, 5, 5, 1000.00, 83.33, 16.67, 0, 'UNPAID', '5000', '2023-07-27 21:16:48', '2023-07-27 21:16:48', '2023-07-29'),
(126, 6, 6, 600.00, 50, 10, 0, 'UNPAID', '3000', '2023-07-27 21:16:48', '2023-07-27 21:16:48', '2023-07-29'),
(127, 7, 7, 1000.00, 83.33, 16.67, 0, 'UNPAID', '5000', '2023-07-27 21:16:48', '2023-07-27 21:16:48', '2023-07-29'),
(128, 8, 8, 600.00, 50, 10, 0, 'UNPAID', '3000', '2023-07-27 21:16:48', '2023-07-27 21:16:48', '2023-07-29'),
(129, 9, 9, 600.00, 50, 10, 0, 'UNPAID', '3000', '2023-07-27 21:16:48', '2023-07-27 21:16:48', '2023-07-29'),
(130, 10, 10, 600.00, 50, 10, 0, 'UNPAID', '3000', '2023-07-27 21:16:48', '2023-07-27 21:16:48', '2023-07-29'),
(131, 11, 1, 600.00, 50, 10, 0, 'UNPAID', '3000', '2023-07-27 21:16:48', '2023-07-27 21:16:48', '2023-07-29'),
(132, 2, 2, 600.00, 50, 10, 0, 'UNPAID', '3000', '2023-07-27 21:17:09', '2023-07-27 21:17:09', '2023-07-30'),
(133, 3, 3, 600.00, 50, 10, 0, 'UNPAID', '3000', '2023-07-27 21:17:09', '2023-07-27 21:17:09', '2023-07-30'),
(134, 4, 4, 600.00, 50, 10, 0, 'UNPAID', '3000', '2023-07-27 21:17:09', '2023-07-27 21:17:09', '2023-07-30'),
(135, 5, 5, 1000.00, 83.33, 16.67, 0, 'UNPAID', '5000', '2023-07-27 21:17:09', '2023-07-27 21:17:09', '2023-07-30'),
(136, 6, 6, 600.00, 50, 10, 0, 'UNPAID', '3000', '2023-07-27 21:17:09', '2023-07-27 21:17:09', '2023-07-30'),
(137, 7, 7, 1000.00, 83.33, 16.67, 0, 'UNPAID', '5000', '2023-07-27 21:17:09', '2023-07-27 21:17:09', '2023-07-30'),
(138, 8, 8, 600.00, 50, 10, 0, 'UNPAID', '3000', '2023-07-27 21:17:09', '2023-07-27 21:17:09', '2023-07-30'),
(139, 9, 9, 600.00, 50, 10, 0, 'UNPAID', '3000', '2023-07-27 21:17:09', '2023-07-27 21:17:09', '2023-07-30'),
(140, 10, 10, 600.00, 50, 10, 0, 'UNPAID', '3000', '2023-07-27 21:17:09', '2023-07-27 21:17:09', '2023-07-30'),
(141, 11, 1, 600.00, 50, 10, 0, 'UNPAID', '3000', '2023-07-27 21:17:09', '2023-07-27 21:17:09', '2023-07-30'),
(202, 2, 2, 600.00, 50, 10, 0, 'UNPAID', '3000', '2023-07-27 21:24:24', '2023-07-27 21:24:24', '2023-07-28'),
(203, 3, 3, 600.00, 50, 10, 0, 'UNPAID', '3000', '2023-07-27 21:24:24', '2023-07-27 21:24:24', '2023-07-28'),
(204, 4, 4, 600.00, 50, 10, 0, 'UNPAID', '3000', '2023-07-27 21:24:24', '2023-07-27 21:24:24', '2023-07-28'),
(205, 5, 5, 1000.00, 83.33, 16.67, 0, 'UNPAID', '5000', '2023-07-27 21:24:24', '2023-07-27 21:24:24', '2023-07-28'),
(206, 6, 6, 600.00, 50, 10, 0, 'UNPAID', '3000', '2023-07-27 21:24:24', '2023-07-27 21:24:24', '2023-07-28'),
(207, 7, 7, 1000.00, 83.33, 16.67, 0, 'UNPAID', '5000', '2023-07-27 21:24:24', '2023-07-27 21:24:24', '2023-07-28'),
(208, 8, 8, 600.00, 50, 10, 0, 'UNPAID', '3000', '2023-07-27 21:24:24', '2023-07-27 21:24:24', '2023-07-28'),
(209, 9, 9, 600.00, 50, 10, 0, 'UNPAID', '3000', '2023-07-27 21:24:24', '2023-07-27 21:24:24', '2023-07-28'),
(210, 10, 10, 600.00, 50, 10, 0, 'UNPAID', '3000', '2023-07-27 21:24:24', '2023-07-27 21:24:24', '2023-07-28'),
(211, 11, 1, 600.00, 50, 10, 0, 'UNPAID', '3000', '2023-07-27 21:24:24', '2023-07-27 21:24:24', '2023-07-28'),
(212, 2, 2, 600.00, 50, 10, 60, 'PAID', '3420', '2023-07-27 21:24:36', '2023-07-31 11:59:20', '2023-08-01'),
(213, 3, 3, 600.00, 50, 10, 60, 'PAID', '3480', '2023-07-27 21:24:36', '2023-07-31 11:59:21', '2023-08-01'),
(214, 4, 4, 600.00, 50, 10, 60, 'PAID', '3420', '2023-07-27 21:24:36', '2023-07-31 11:59:22', '2023-08-01'),
(215, 5, 5, 1000.00, 83.33, 16.67, 100, 'PAID', '5800', '2023-07-27 21:24:36', '2023-07-31 11:59:24', '2023-08-01'),
(216, 6, 6, 600.00, 50, 10, 50, 'PAID', '3490', '2023-07-27 21:24:36', '2023-07-31 11:59:25', '2023-08-01'),
(217, 7, 7, 1000.00, 83.33, 16.67, 100, 'PAID', '5550', '2023-07-27 21:24:36', '2023-07-31 11:59:27', '2023-08-01'),
(218, 8, 8, 600.00, 50, 10, 60, 'PAID', '3425', '2023-07-27 21:24:36', '2023-07-31 11:59:29', '2023-08-01'),
(219, 9, 9, 600.00, 50, 10, 60, 'PAID', '3240', '2023-07-27 21:24:36', '2023-07-31 11:59:29', '2023-08-01'),
(220, 10, 10, 600.00, 50, 10, 60, 'PAID', '3340', '2023-07-27 21:24:36', '2023-07-31 11:59:30', '2023-08-01'),
(221, 11, 1, 600.00, 50, 10, 60, 'PAID', '3218', '2023-07-27 21:24:36', '2023-07-31 11:59:31', '2023-08-01'),
(222, 2, 2, 600.00, 50, 10, 500, 'PAID', '2360', '2023-07-29 05:13:34', '2023-07-31 12:05:39', '2023-08-03'),
(223, 3, 3, 600.00, 50, 10, 600, 'PAID', '2770', '2023-07-29 05:13:34', '2023-07-31 12:05:41', '2023-08-03'),
(224, 4, 4, 600.00, 50, 10, 200, 'PAID', '3060', '2023-07-29 05:13:34', '2023-07-31 12:05:43', '2023-08-03'),
(225, 5, 5, 1000.00, 83.33, 16.67, 100, 'PAID', '5400', '2023-07-29 05:13:34', '2023-07-31 12:05:44', '2023-08-03'),
(226, 6, 6, 600.00, 50, 10, 100, 'PAID', '3270', '2023-07-29 05:13:34', '2023-07-31 12:05:45', '2023-08-03'),
(227, 7, 7, 1000.00, 83.33, 16.67, 100, 'PAID', '5250', '2023-07-29 05:13:34', '2023-07-31 12:05:46', '2023-08-03'),
(228, 8, 8, 600.00, 50, 10, 322, 'PAID', '2983', '2023-07-29 05:13:34', '2023-07-31 12:05:48', '2023-08-03'),
(229, 9, 9, 600.00, 50, 10, 155, 'PAID', '2965', '2023-07-29 05:13:34', '2023-07-31 12:05:50', '2023-08-03'),
(230, 10, 10, 600.00, 50, 10, 123, 'PAID', '3097', '2023-07-29 05:13:34', '2023-07-31 12:05:53', '2023-08-03'),
(231, 11, 1, 600.00, 50, 10, 50, 'PAID', '2808', '2023-07-29 05:13:34', '2023-07-31 12:05:56', '2023-08-03'),
(232, 2, 2, 600.00, 50, 10, 0, 'UNPAID', '3000', '2023-07-29 06:59:45', '2023-07-29 06:59:45', '2023-07-01'),
(233, 3, 3, 600.00, 50, 10, 0, 'UNPAID', '3000', '2023-07-29 06:59:45', '2023-07-29 06:59:45', '2023-07-01'),
(234, 4, 4, 600.00, 50, 10, 0, 'UNPAID', '3000', '2023-07-29 06:59:45', '2023-07-29 06:59:45', '2023-07-01'),
(235, 5, 5, 1000.00, 83.33, 16.67, 0, 'UNPAID', '5000', '2023-07-29 06:59:45', '2023-07-29 06:59:45', '2023-07-01'),
(236, 6, 6, 600.00, 50, 10, 0, 'UNPAID', '3000', '2023-07-29 06:59:45', '2023-07-29 06:59:45', '2023-07-01'),
(237, 7, 7, 1000.00, 83.33, 16.67, 0, 'UNPAID', '5000', '2023-07-29 06:59:45', '2023-07-29 06:59:45', '2023-07-01'),
(238, 8, 8, 600.00, 50, 10, 0, 'UNPAID', '3000', '2023-07-29 06:59:45', '2023-07-29 06:59:45', '2023-07-01'),
(239, 9, 9, 600.00, 50, 10, 0, 'UNPAID', '3000', '2023-07-29 06:59:45', '2023-07-29 06:59:45', '2023-07-01'),
(240, 10, 10, 600.00, 50, 10, 0, 'UNPAID', '3000', '2023-07-29 06:59:45', '2023-07-29 06:59:45', '2023-07-01'),
(241, 11, 1, 600.00, 50, 10, 0, 'UNPAID', '3000', '2023-07-29 06:59:45', '2023-07-29 06:59:45', '2023-07-01'),
(242, 2, 2, 600.00, 50, 10, 60, 'PAID', '3000', '2023-07-31 03:30:36', '2023-07-31 11:06:16', '2023-07-31'),
(243, 3, 3, 600.00, 50, 10, 60, 'PAID', '3540', '2023-07-31 03:30:36', '2023-07-31 11:07:28', '2023-07-31'),
(244, 4, 4, 600.00, 50, 10, 60, 'PAID', '3540', '2023-07-31 03:30:36', '2023-07-31 11:07:32', '2023-07-31'),
(245, 5, 5, 1000.00, 83.33, 16.67, 100, 'PAID', '5900', '2023-07-31 03:30:36', '2023-07-31 11:07:35', '2023-07-31'),
(246, 6, 6, 600.00, 50, 10, 60, 'PAID', '3540', '2023-07-31 03:30:36', '2023-07-31 11:07:38', '2023-07-31'),
(247, 7, 7, 1000.00, 83.33, 16.67, 150, 'PAID', '5850', '2023-07-31 03:30:36', '2023-07-31 11:07:42', '2023-07-31'),
(248, 8, 8, 600.00, 50, 10, 100, 'PAID', '3500', '2023-07-31 03:30:36', '2023-07-31 11:07:45', '2023-07-31'),
(249, 9, 9, 600.00, 50, 10, 200, 'PAID', '3400', '2023-07-31 03:30:36', '2023-07-31 11:07:47', '2023-07-31'),
(250, 10, 10, 600.00, 50, 10, 666, 'PAID', '2334', '2023-07-31 03:30:36', '2023-07-31 12:12:42', '2023-07-31'),
(251, 11, 1, 600.00, 50, 10, 300, 'PAID', '3300', '2023-07-31 03:30:36', '2023-07-31 11:07:51', '2023-07-31'),
(252, 2, 2, 600.00, 50, 10, 60, 'PAID', '3360', '2023-07-31 12:01:53', '2023-07-31 12:02:05', '2023-08-02'),
(253, 3, 3, 600.00, 50, 10, 60, 'PAID', '3420', '2023-07-31 12:01:53', '2023-07-31 12:02:07', '2023-08-02'),
(254, 4, 4, 600.00, 50, 10, 60, 'PAID', '3360', '2023-07-31 12:01:53', '2023-07-31 12:02:09', '2023-08-02'),
(255, 5, 5, 1000.00, 83.33, 16.67, 100, 'PAID', '5700', '2023-07-31 12:01:53', '2023-07-31 12:02:10', '2023-08-02'),
(256, 6, 6, 600.00, 50, 10, 60, 'PAID', '3430', '2023-07-31 12:01:53', '2023-07-31 12:02:12', '2023-08-02'),
(257, 7, 7, 1000.00, 83.33, 16.67, 100, 'PAID', '5450', '2023-07-31 12:01:53', '2023-07-31 12:02:14', '2023-08-02'),
(258, 8, 8, 600.00, 50, 10, 60, 'PAID', '3365', '2023-07-31 12:01:53', '2023-07-31 12:02:16', '2023-08-02'),
(259, 9, 9, 600.00, 50, 10, 60, 'PAID', '3180', '2023-07-31 12:01:53', '2023-07-31 12:02:17', '2023-08-02'),
(260, 10, 10, 600.00, 50, 10, 60, 'PAID', '3280', '2023-07-31 12:01:53', '2023-07-31 12:02:17', '2023-08-02'),
(261, 11, 1, 600.00, 50, 10, 300, 'PAID', '2918', '2023-07-31 12:01:53', '2023-07-31 12:02:24', '2023-08-02'),
(262, 2, 2, 600.00, 50, 10, 500, 'PAID', '2860', '2023-07-31 12:04:20', '2023-07-31 12:04:29', '2023-08-04'),
(263, 3, 3, 600.00, 50, 10, 50, 'PAID', '3370', '2023-07-31 12:04:20', '2023-07-31 12:04:32', '2023-08-04'),
(264, 4, 4, 600.00, 50, 10, 100, 'PAID', '3260', '2023-07-31 12:04:20', '2023-07-31 12:04:34', '2023-08-04'),
(265, 5, 5, 1000.00, 83.33, 16.67, 200, 'PAID', '5500', '2023-07-31 12:04:20', '2023-07-31 12:04:35', '2023-08-04'),
(266, 6, 6, 600.00, 50, 10, 60, 'PAID', '3370', '2023-07-31 12:04:20', '2023-07-31 12:04:36', '2023-08-04'),
(267, 7, 7, 1000.00, 83.33, 16.67, 100, 'PAID', '5350', '2023-07-31 12:04:20', '2023-07-31 12:04:37', '2023-08-04'),
(268, 8, 8, 600.00, 50, 10, 60, 'PAID', '3305', '2023-07-31 12:04:20', '2023-07-31 12:04:38', '2023-08-04'),
(269, 9, 9, 600.00, 50, 10, 60, 'PAID', '3120', '2023-07-31 12:04:20', '2023-07-31 12:04:39', '2023-08-04'),
(270, 10, 10, 600.00, 50, 10, 60, 'PAID', '3220', '2023-07-31 12:04:20', '2023-07-31 12:04:39', '2023-08-04'),
(271, 11, 1, 600.00, 50, 10, 60, 'PAID', '2858', '2023-07-31 12:04:20', '2023-07-31 12:04:40', '2023-08-04'),
(272, 2, 2, 600.00, 50, 10, 300, 'PAID', '2060', '2023-07-31 12:06:37', '2023-07-31 12:06:47', '2023-08-05'),
(273, 3, 3, 600.00, 50, 10, 70, 'PAID', '2700', '2023-07-31 12:06:37', '2023-07-31 12:06:49', '2023-08-05'),
(274, 4, 4, 600.00, 50, 10, 60, 'PAID', '3000', '2023-07-31 12:06:37', '2023-07-31 12:06:50', '2023-08-05'),
(275, 5, 5, 1000.00, 83.33, 16.67, 400, 'PAID', '5000', '2023-07-31 12:06:37', '2023-07-31 12:06:51', '2023-08-05'),
(276, 6, 6, 600.00, 50, 10, 70, 'PAID', '3200', '2023-07-31 12:06:37', '2023-07-31 12:06:53', '2023-08-05'),
(277, 7, 7, 1000.00, 83.33, 16.67, 50, 'PAID', '5200', '2023-07-31 12:06:37', '2023-07-31 12:06:54', '2023-08-05'),
(278, 8, 8, 600.00, 50, 10, 83, 'PAID', '2900', '2023-07-31 12:06:37', '2023-07-31 12:08:32', '2023-08-05'),
(279, 9, 9, 600.00, 50, 10, 65, 'PAID', '2900', '2023-07-31 12:06:37', '2023-07-31 12:07:04', '2023-08-05'),
(280, 10, 10, 600.00, 50, 10, 97, 'PAID', '3000', '2023-07-31 12:06:37', '2023-07-31 12:07:05', '2023-08-05'),
(281, 11, 1, 600.00, 50, 10, 808, 'PAID', '2000', '2023-07-31 12:06:37', '2023-07-31 12:07:09', '2023-08-05');

-- --------------------------------------------------------

--
-- Table structure for table `failed_jobs`
--

CREATE TABLE `failed_jobs` (
  `id` bigint(20) UNSIGNED NOT NULL,
  `uuid` varchar(255) NOT NULL,
  `connection` text NOT NULL,
  `queue` text NOT NULL,
  `payload` longtext NOT NULL,
  `exception` longtext NOT NULL,
  `failed_at` timestamp NOT NULL DEFAULT current_timestamp()
) ENGINE=InnoDB DEFAULT CHARSET=utf8mb4 COLLATE=utf8mb4_unicode_ci;

-- --------------------------------------------------------

--
-- Table structure for table `loans`
--

CREATE TABLE `loans` (
  `id` bigint(20) UNSIGNED NOT NULL,
  `client_id` int(11) NOT NULL,
  `amount` double(10,2) NOT NULL,
  `type` varchar(255) NOT NULL DEFAULT 'salary',
  `status` varchar(255) NOT NULL DEFAULT 'active',
  `remaining_balance` double(10,2) NOT NULL,
  `total_payable` double(10,2) NOT NULL,
  `total_interest` double(10,2) NOT NULL,
  `daily_payable` double(10,2) NOT NULL,
  `daily_interest` double(10,2) NOT NULL,
  `date_release` date NOT NULL,
  `created_at` timestamp NULL DEFAULT NULL,
  `updated_at` timestamp NULL DEFAULT NULL
) ENGINE=InnoDB DEFAULT CHARSET=utf8mb4 COLLATE=utf8mb4_unicode_ci;

--
-- Dumping data for table `loans`
--

INSERT INTO `loans` (`id`, `client_id`, `amount`, `type`, `status`, `remaining_balance`, `total_payable`, `total_interest`, `daily_payable`, `daily_interest`, `date_release`, `created_at`, `updated_at`) VALUES
(1, 1, 3000.00, 'REGULAR', 'PAID', 3000.00, 3600.00, 600.00, 60.00, 10.00, '2023-07-07', '2023-07-14 12:37:36', '2023-07-14 12:37:36'),
(2, 2, 3000.00, 'REGULAR', 'ONGOING', 2060.00, 3600.00, 600.00, 60.00, 10.00, '2023-07-07', '2023-07-14 12:37:36', '2023-07-31 12:06:47'),
(3, 3, 3000.00, 'REGULAR', 'PAST DUE', 2700.00, 3600.00, 600.00, 60.00, 10.00, '2023-07-07', '2023-07-14 12:37:36', '2023-07-31 12:06:49'),
(4, 4, 3000.00, 'REGULAR', 'ONGOING', 3000.00, 3600.00, 600.00, 60.00, 10.00, '2023-07-07', '2023-07-14 12:37:36', '2023-07-31 12:06:50'),
(5, 5, 5000.00, 'REGULAR', 'ONGOING', 5000.00, 6000.00, 1000.00, 100.00, 16.67, '2023-07-08', '2023-07-14 12:37:36', '2023-07-31 12:06:51'),
(6, 6, 3000.00, 'REGULAR', 'ONGOING', 3200.00, 3600.00, 600.00, 60.00, 10.00, '2023-07-08', '2023-07-14 12:37:36', '2023-07-31 12:06:53'),
(7, 7, 5000.00, 'REGULAR', 'ONGOING', 5200.00, 6000.00, 1000.00, 100.00, 16.67, '2023-07-08', '2023-07-14 12:37:36', '2023-07-31 12:06:54'),
(8, 8, 3000.00, 'REGULAR', 'ONGOING', 2900.00, 3600.00, 600.00, 60.00, 10.00, '2023-07-08', '2023-07-14 12:37:36', '2023-07-31 12:08:32'),
(9, 9, 3000.00, 'REGULAR', 'ONGOING', 2900.00, 3600.00, 600.00, 60.00, 10.00, '2023-07-08', '2023-07-14 12:37:36', '2023-07-31 12:07:04'),
(10, 10, 3000.00, 'REGULAR', 'ONGOING', 2334.00, 3600.00, 600.00, 60.00, 10.00, '2023-07-08', '2023-07-14 12:37:36', '2023-07-31 12:12:42'),
(11, 1, 6600.00, 'REGULAR', 'ONGOING', 2000.00, 3600.00, 600.00, 60.00, 10.00, '2023-07-07', '2023-07-14 12:37:36', '2023-07-31 12:07:09');

-- --------------------------------------------------------

--
-- Table structure for table `menus`
--

CREATE TABLE `menus` (
  `id` bigint(20) UNSIGNED NOT NULL,
  `name` varchar(255) NOT NULL,
  `description` varchar(255) DEFAULT NULL,
  `machine_name` varchar(64) NOT NULL,
  `created_at` timestamp NULL DEFAULT NULL,
  `updated_at` timestamp NULL DEFAULT NULL
) ENGINE=InnoDB DEFAULT CHARSET=utf8mb4 COLLATE=utf8mb4_unicode_ci;

--
-- Dumping data for table `menus`
--

INSERT INTO `menus` (`id`, `name`, `description`, `machine_name`, `created_at`, `updated_at`) VALUES
(1, 'Admin', 'Admin Menu', 'admin', '2023-07-14 14:01:42', '2023-07-14 14:01:42');

-- --------------------------------------------------------

--
-- Table structure for table `menu_items`
--

CREATE TABLE `menu_items` (
  `id` bigint(20) UNSIGNED NOT NULL,
  `menu_id` bigint(20) UNSIGNED NOT NULL,
  `name` varchar(255) NOT NULL,
  `uri` varchar(255) DEFAULT NULL,
  `description` varchar(255) DEFAULT NULL,
  `parent_id` bigint(20) UNSIGNED DEFAULT NULL,
  `weight` int(11) NOT NULL DEFAULT 0,
  `enabled` tinyint(1) NOT NULL,
  `created_at` timestamp NULL DEFAULT NULL,
  `updated_at` timestamp NULL DEFAULT NULL
) ENGINE=InnoDB DEFAULT CHARSET=utf8mb4 COLLATE=utf8mb4_unicode_ci;

--
-- Dumping data for table `menu_items`
--

INSERT INTO `menu_items` (`id`, `menu_id`, `name`, `uri`, `description`, `parent_id`, `weight`, `enabled`, `created_at`, `updated_at`) VALUES
(1, 1, 'Dashboard', '/dashboard', NULL, NULL, 0, 1, '2023-07-14 14:01:42', '2023-07-14 14:01:42'),
(2, 1, 'Permissions', '/<admin>/permission', NULL, NULL, 1, 1, '2023-07-14 14:01:42', '2023-07-14 14:01:42'),
(3, 1, 'Roles', '/<admin>/role', NULL, NULL, 2, 1, '2023-07-14 14:01:42', '2023-07-14 14:01:42'),
(4, 1, 'Users', '/<admin>/user', NULL, NULL, 3, 1, '2023-07-14 14:01:42', '2023-07-14 14:01:42'),
(5, 1, 'Menus', '/<admin>/menu', NULL, NULL, 4, 1, '2023-07-14 14:01:42', '2023-07-14 14:01:42');

-- --------------------------------------------------------

--
-- Table structure for table `migrations`
--

CREATE TABLE `migrations` (
  `id` int(10) UNSIGNED NOT NULL,
  `migration` varchar(255) NOT NULL,
  `batch` int(11) NOT NULL
) ENGINE=InnoDB DEFAULT CHARSET=utf8mb4 COLLATE=utf8mb4_unicode_ci;

--
-- Dumping data for table `migrations`
--

INSERT INTO `migrations` (`id`, `migration`, `batch`) VALUES
(1, '2014_10_12_000000_create_users_table', 1),
(2, '2014_10_12_100000_create_password_reset_tokens_table', 1),
(3, '2014_10_12_100000_create_password_resets_table', 1),
(4, '2019_08_19_000000_create_failed_jobs_table', 1),
(5, '2019_12_14_000001_create_personal_access_tokens_table', 1),
(6, '2022_02_08_033617_create_permission_tables', 2),
(7, '2023_07_14_220136_create_menu_tables', 2),
(8, '2023_07_18_224023_create_clients_table', 3),
(9, '2023_07_18_230746_create_loans_table', 4),
(10, '2023_07_18_232238_create_daily_collections_table', 5),
(11, '2023_07_18_233139_update_loans_table', 6),
(12, '2023_07_19_025602_create_collectors_table', 7),
(13, '2023_07_19_035033_add_collector_id_to_clients_table', 8),
(14, '2023_07_19_035955_update_daily_collections_table', 9);

-- --------------------------------------------------------

--
-- Table structure for table `model_has_permissions`
--

CREATE TABLE `model_has_permissions` (
  `permission_id` bigint(20) UNSIGNED NOT NULL,
  `model_type` varchar(255) NOT NULL,
  `model_id` bigint(20) UNSIGNED NOT NULL
) ENGINE=InnoDB DEFAULT CHARSET=utf8mb4 COLLATE=utf8mb4_unicode_ci;

-- --------------------------------------------------------

--
-- Table structure for table `model_has_roles`
--

CREATE TABLE `model_has_roles` (
  `role_id` bigint(20) UNSIGNED NOT NULL,
  `model_type` varchar(255) NOT NULL,
  `model_id` bigint(20) UNSIGNED NOT NULL
) ENGINE=InnoDB DEFAULT CHARSET=utf8mb4 COLLATE=utf8mb4_unicode_ci;

--
-- Dumping data for table `model_has_roles`
--

INSERT INTO `model_has_roles` (`role_id`, `model_type`, `model_id`) VALUES
(1, 'App\\Models\\User', 3),
(2, 'App\\Models\\User', 2),
(3, 'App\\Models\\User', 1);

-- --------------------------------------------------------

--
-- Table structure for table `password_resets`
--

CREATE TABLE `password_resets` (
  `email` varchar(255) NOT NULL,
  `token` varchar(255) NOT NULL,
  `created_at` timestamp NULL DEFAULT NULL
) ENGINE=InnoDB DEFAULT CHARSET=utf8mb4 COLLATE=utf8mb4_unicode_ci;

-- --------------------------------------------------------

--
-- Table structure for table `password_reset_tokens`
--

CREATE TABLE `password_reset_tokens` (
  `email` varchar(255) NOT NULL,
  `token` varchar(255) NOT NULL,
  `created_at` timestamp NULL DEFAULT NULL
) ENGINE=InnoDB DEFAULT CHARSET=utf8mb4 COLLATE=utf8mb4_unicode_ci;

-- --------------------------------------------------------

--
-- Table structure for table `permissions`
--

CREATE TABLE `permissions` (
  `id` bigint(20) UNSIGNED NOT NULL,
  `name` varchar(255) NOT NULL,
  `guard_name` varchar(255) NOT NULL,
  `created_at` timestamp NULL DEFAULT NULL,
  `updated_at` timestamp NULL DEFAULT NULL
) ENGINE=InnoDB DEFAULT CHARSET=utf8mb4 COLLATE=utf8mb4_unicode_ci;

--
-- Dumping data for table `permissions`
--

INSERT INTO `permissions` (`id`, `name`, `guard_name`, `created_at`, `updated_at`) VALUES
(1, 'permission list', 'web', '2023-07-14 14:01:41', '2023-07-14 14:01:41'),
(2, 'permission create', 'web', '2023-07-14 14:01:41', '2023-07-14 14:01:41'),
(3, 'permission edit', 'web', '2023-07-14 14:01:41', '2023-07-14 14:01:41'),
(4, 'permission delete', 'web', '2023-07-14 14:01:41', '2023-07-14 14:01:41'),
(5, 'role list', 'web', '2023-07-14 14:01:41', '2023-07-14 14:01:41'),
(6, 'role create', 'web', '2023-07-14 14:01:41', '2023-07-14 14:01:41'),
(7, 'role edit', 'web', '2023-07-14 14:01:41', '2023-07-14 14:01:41'),
(8, 'role delete', 'web', '2023-07-14 14:01:41', '2023-07-14 14:01:41'),
(9, 'user list', 'web', '2023-07-14 14:01:41', '2023-07-14 14:01:41'),
(10, 'user create', 'web', '2023-07-14 14:01:41', '2023-07-14 14:01:41'),
(11, 'user edit', 'web', '2023-07-14 14:01:41', '2023-07-14 14:01:41'),
(12, 'user delete', 'web', '2023-07-14 14:01:42', '2023-07-14 14:01:42'),
(13, 'menu list', 'web', '2023-07-14 14:01:42', '2023-07-14 14:01:42'),
(14, 'menu create', 'web', '2023-07-14 14:01:42', '2023-07-14 14:01:42'),
(15, 'menu edit', 'web', '2023-07-14 14:01:42', '2023-07-14 14:01:42'),
(16, 'menu delete', 'web', '2023-07-14 14:01:42', '2023-07-14 14:01:42'),
(17, 'menu.item list', 'web', '2023-07-14 14:01:42', '2023-07-14 14:01:42'),
(18, 'menu.item create', 'web', '2023-07-14 14:01:42', '2023-07-14 14:01:42'),
(19, 'menu.item edit', 'web', '2023-07-14 14:01:42', '2023-07-14 14:01:42'),
(20, 'menu.item delete', 'web', '2023-07-14 14:01:42', '2023-07-14 14:01:42');

-- --------------------------------------------------------

--
-- Table structure for table `personal_access_tokens`
--

CREATE TABLE `personal_access_tokens` (
  `id` bigint(20) UNSIGNED NOT NULL,
  `tokenable_type` varchar(255) NOT NULL,
  `tokenable_id` bigint(20) UNSIGNED NOT NULL,
  `name` varchar(255) NOT NULL,
  `token` varchar(64) NOT NULL,
  `abilities` text DEFAULT NULL,
  `last_used_at` timestamp NULL DEFAULT NULL,
  `expires_at` timestamp NULL DEFAULT NULL,
  `created_at` timestamp NULL DEFAULT NULL,
  `updated_at` timestamp NULL DEFAULT NULL
) ENGINE=InnoDB DEFAULT CHARSET=utf8mb4 COLLATE=utf8mb4_unicode_ci;

-- --------------------------------------------------------

--
-- Table structure for table `roles`
--

CREATE TABLE `roles` (
  `id` bigint(20) UNSIGNED NOT NULL,
  `name` varchar(255) NOT NULL,
  `guard_name` varchar(255) NOT NULL,
  `created_at` timestamp NULL DEFAULT NULL,
  `updated_at` timestamp NULL DEFAULT NULL
) ENGINE=InnoDB DEFAULT CHARSET=utf8mb4 COLLATE=utf8mb4_unicode_ci;

--
-- Dumping data for table `roles`
--

INSERT INTO `roles` (`id`, `name`, `guard_name`, `created_at`, `updated_at`) VALUES
(1, 'writer', 'web', '2023-07-14 14:01:42', '2023-07-14 14:01:42'),
(2, 'admin', 'web', '2023-07-14 14:01:42', '2023-07-14 14:01:42'),
(3, 'super-admin', 'web', '2023-07-14 14:01:42', '2023-07-14 14:01:42');

-- --------------------------------------------------------

--
-- Table structure for table `role_has_permissions`
--

CREATE TABLE `role_has_permissions` (
  `permission_id` bigint(20) UNSIGNED NOT NULL,
  `role_id` bigint(20) UNSIGNED NOT NULL
) ENGINE=InnoDB DEFAULT CHARSET=utf8mb4 COLLATE=utf8mb4_unicode_ci;

--
-- Dumping data for table `role_has_permissions`
--

INSERT INTO `role_has_permissions` (`permission_id`, `role_id`) VALUES
(1, 1),
(1, 2),
(2, 2),
(3, 2),
(4, 2),
(5, 1),
(5, 2),
(6, 2),
(7, 2),
(8, 2),
(9, 1),
(9, 2),
(10, 2),
(11, 2),
(12, 2),
(13, 1),
(13, 2),
(14, 2),
(15, 2),
(16, 2),
(17, 1),
(17, 2),
(18, 2),
(19, 2),
(20, 2);

-- --------------------------------------------------------

--
-- Table structure for table `users`
--

CREATE TABLE `users` (
  `id` bigint(20) UNSIGNED NOT NULL,
  `name` varchar(255) NOT NULL,
  `email` varchar(255) NOT NULL,
  `email_verified_at` timestamp NULL DEFAULT NULL,
  `password` varchar(255) NOT NULL,
  `remember_token` varchar(100) DEFAULT NULL,
  `created_at` timestamp NULL DEFAULT NULL,
  `updated_at` timestamp NULL DEFAULT NULL
) ENGINE=InnoDB DEFAULT CHARSET=utf8mb4 COLLATE=utf8mb4_unicode_ci;

--
-- Dumping data for table `users`
--

INSERT INTO `users` (`id`, `name`, `email`, `email_verified_at`, `password`, `remember_token`, `created_at`, `updated_at`) VALUES
(1, 'Super Admin', 'superadmin@example.com', '2023-07-14 14:01:42', '$2y$10$92IXUNpkjO0rOQ5byMi.Ye4oKoEa3Ro9llC/.og/at2.uheWG/igi', 'xFRBUt23E8EY4YWI5Gzg4fnKiCqiIyxVIA2Re4c45pf4sEJ9tdHGhr6HCs2g', '2023-07-14 14:01:42', '2023-07-14 14:01:42'),
(2, 'Admin User', 'admin@example.com', '2023-07-14 14:01:42', '$2y$10$92IXUNpkjO0rOQ5byMi.Ye4oKoEa3Ro9llC/.og/at2.uheWG/igi', 'bWrkyAAKYp', '2023-07-14 14:01:42', '2023-07-14 14:01:42'),
(3, 'Example User', 'test@example.com', '2023-07-14 14:01:42', '$2y$10$92IXUNpkjO0rOQ5byMi.Ye4oKoEa3Ro9llC/.og/at2.uheWG/igi', 'cCIxmmKxNJ', '2023-07-14 14:01:42', '2023-07-14 14:01:42'),
(4, 'Padidi', 'pogi@padidi.com', '2023-07-14 14:01:42', '$2y$10$5mO7M.3NcgXtBBlmPRyky.sJSa5qEkhVhU8BustWBJIa9rgn6.XjW', NULL, '2023-07-14 14:05:08', '2023-07-14 14:05:08');

--
-- Indexes for dumped tables
--

--
-- Indexes for table `clients`
--
ALTER TABLE `clients`
  ADD PRIMARY KEY (`id`);

--
-- Indexes for table `collectors`
--
ALTER TABLE `collectors`
  ADD PRIMARY KEY (`id`);

--
-- Indexes for table `daily_collections`
--
ALTER TABLE `daily_collections`
  ADD PRIMARY KEY (`id`);

--
-- Indexes for table `failed_jobs`
--
ALTER TABLE `failed_jobs`
  ADD PRIMARY KEY (`id`),
  ADD UNIQUE KEY `failed_jobs_uuid_unique` (`uuid`);

--
-- Indexes for table `loans`
--
ALTER TABLE `loans`
  ADD PRIMARY KEY (`id`);

--
-- Indexes for table `menus`
--
ALTER TABLE `menus`
  ADD PRIMARY KEY (`id`),
  ADD UNIQUE KEY `menus_machine_name_unique` (`machine_name`);

--
-- Indexes for table `menu_items`
--
ALTER TABLE `menu_items`
  ADD PRIMARY KEY (`id`),
  ADD KEY `menu_items_menu_id_foreign` (`menu_id`);

--
-- Indexes for table `migrations`
--
ALTER TABLE `migrations`
  ADD PRIMARY KEY (`id`);

--
-- Indexes for table `model_has_permissions`
--
ALTER TABLE `model_has_permissions`
  ADD PRIMARY KEY (`permission_id`,`model_id`,`model_type`),
  ADD KEY `model_has_permissions_model_id_model_type_index` (`model_id`,`model_type`);

--
-- Indexes for table `model_has_roles`
--
ALTER TABLE `model_has_roles`
  ADD PRIMARY KEY (`role_id`,`model_id`,`model_type`),
  ADD KEY `model_has_roles_model_id_model_type_index` (`model_id`,`model_type`);

--
-- Indexes for table `password_resets`
--
ALTER TABLE `password_resets`
  ADD KEY `password_resets_email_index` (`email`);

--
-- Indexes for table `password_reset_tokens`
--
ALTER TABLE `password_reset_tokens`
  ADD PRIMARY KEY (`email`);

--
-- Indexes for table `permissions`
--
ALTER TABLE `permissions`
  ADD PRIMARY KEY (`id`),
  ADD UNIQUE KEY `permissions_name_guard_name_unique` (`name`,`guard_name`);

--
-- Indexes for table `personal_access_tokens`
--
ALTER TABLE `personal_access_tokens`
  ADD PRIMARY KEY (`id`),
  ADD UNIQUE KEY `personal_access_tokens_token_unique` (`token`),
  ADD KEY `personal_access_tokens_tokenable_type_tokenable_id_index` (`tokenable_type`,`tokenable_id`);

--
-- Indexes for table `roles`
--
ALTER TABLE `roles`
  ADD PRIMARY KEY (`id`),
  ADD UNIQUE KEY `roles_name_guard_name_unique` (`name`,`guard_name`);

--
-- Indexes for table `role_has_permissions`
--
ALTER TABLE `role_has_permissions`
  ADD PRIMARY KEY (`permission_id`,`role_id`),
  ADD KEY `role_has_permissions_role_id_foreign` (`role_id`);

--
-- Indexes for table `users`
--
ALTER TABLE `users`
  ADD PRIMARY KEY (`id`),
  ADD UNIQUE KEY `users_email_unique` (`email`);

--
-- AUTO_INCREMENT for dumped tables
--

--
-- AUTO_INCREMENT for table `clients`
--
ALTER TABLE `clients`
  MODIFY `id` bigint(20) UNSIGNED NOT NULL AUTO_INCREMENT, AUTO_INCREMENT=341;

--
-- AUTO_INCREMENT for table `collectors`
--
ALTER TABLE `collectors`
  MODIFY `id` bigint(20) UNSIGNED NOT NULL AUTO_INCREMENT, AUTO_INCREMENT=14;

--
-- AUTO_INCREMENT for table `daily_collections`
--
ALTER TABLE `daily_collections`
  MODIFY `id` bigint(20) UNSIGNED NOT NULL AUTO_INCREMENT, AUTO_INCREMENT=282;

--
-- AUTO_INCREMENT for table `failed_jobs`
--
ALTER TABLE `failed_jobs`
  MODIFY `id` bigint(20) UNSIGNED NOT NULL AUTO_INCREMENT;

--
-- AUTO_INCREMENT for table `loans`
--
ALTER TABLE `loans`
  MODIFY `id` bigint(20) UNSIGNED NOT NULL AUTO_INCREMENT, AUTO_INCREMENT=12;

--
-- AUTO_INCREMENT for table `menus`
--
ALTER TABLE `menus`
  MODIFY `id` bigint(20) UNSIGNED NOT NULL AUTO_INCREMENT, AUTO_INCREMENT=2;

--
-- AUTO_INCREMENT for table `menu_items`
--
ALTER TABLE `menu_items`
  MODIFY `id` bigint(20) UNSIGNED NOT NULL AUTO_INCREMENT, AUTO_INCREMENT=6;

--
-- AUTO_INCREMENT for table `migrations`
--
ALTER TABLE `migrations`
  MODIFY `id` int(10) UNSIGNED NOT NULL AUTO_INCREMENT, AUTO_INCREMENT=15;

--
-- AUTO_INCREMENT for table `permissions`
--
ALTER TABLE `permissions`
  MODIFY `id` bigint(20) UNSIGNED NOT NULL AUTO_INCREMENT, AUTO_INCREMENT=21;

--
-- AUTO_INCREMENT for table `personal_access_tokens`
--
ALTER TABLE `personal_access_tokens`
  MODIFY `id` bigint(20) UNSIGNED NOT NULL AUTO_INCREMENT;

--
-- AUTO_INCREMENT for table `roles`
--
ALTER TABLE `roles`
  MODIFY `id` bigint(20) UNSIGNED NOT NULL AUTO_INCREMENT, AUTO_INCREMENT=4;

--
-- AUTO_INCREMENT for table `users`
--
ALTER TABLE `users`
  MODIFY `id` bigint(20) UNSIGNED NOT NULL AUTO_INCREMENT, AUTO_INCREMENT=5;

--
-- Constraints for dumped tables
--

--
-- Constraints for table `menu_items`
--
ALTER TABLE `menu_items`
  ADD CONSTRAINT `menu_items_menu_id_foreign` FOREIGN KEY (`menu_id`) REFERENCES `menus` (`id`) ON DELETE CASCADE;

--
-- Constraints for table `model_has_permissions`
--
ALTER TABLE `model_has_permissions`
  ADD CONSTRAINT `model_has_permissions_permission_id_foreign` FOREIGN KEY (`permission_id`) REFERENCES `permissions` (`id`) ON DELETE CASCADE;

--
-- Constraints for table `model_has_roles`
--
ALTER TABLE `model_has_roles`
  ADD CONSTRAINT `model_has_roles_role_id_foreign` FOREIGN KEY (`role_id`) REFERENCES `roles` (`id`) ON DELETE CASCADE;

--
-- Constraints for table `role_has_permissions`
--
ALTER TABLE `role_has_permissions`
  ADD CONSTRAINT `role_has_permissions_permission_id_foreign` FOREIGN KEY (`permission_id`) REFERENCES `permissions` (`id`) ON DELETE CASCADE,
  ADD CONSTRAINT `role_has_permissions_role_id_foreign` FOREIGN KEY (`role_id`) REFERENCES `roles` (`id`) ON DELETE CASCADE;
COMMIT;

/*!40101 SET CHARACTER_SET_CLIENT=@OLD_CHARACTER_SET_CLIENT */;
/*!40101 SET CHARACTER_SET_RESULTS=@OLD_CHARACTER_SET_RESULTS */;
/*!40101 SET COLLATION_CONNECTION=@OLD_COLLATION_CONNECTION */;
